--
-- Script was generated by Devart dbForge Studio 2020 for MySQL, Version 9.0.338.0
-- Product home page: http://www.devart.com/dbforge/mysql/studio
-- Script date 11/01/2022 4:48:45 CH
-- Server version: 5.6.26
-- Client version: 4.1
--

-- 
-- Disable foreign keys
-- 
/*!40014 SET @OLD_FOREIGN_KEY_CHECKS=@@FOREIGN_KEY_CHECKS, FOREIGN_KEY_CHECKS=0 */;

-- 
-- Set SQL mode
-- 
/*!40101 SET @OLD_SQL_MODE=@@SQL_MODE, SQL_MODE='NO_AUTO_VALUE_ON_ZERO' */;

-- 
-- Set character set the client will use to send SQL statements to the server
--
SET NAMES 'utf8';

--
-- Set default database
--
USE db_a7ca4c_bkzalo;

--
-- Drop procedure `Proc_DeleteCommentById`
--
DROP PROCEDURE IF EXISTS Proc_DeleteCommentById;

--
-- Drop procedure `Proc_GetAccountById`
--
DROP PROCEDURE IF EXISTS Proc_GetAccountById;

--
-- Drop procedure `Proc_GetComment`
--
DROP PROCEDURE IF EXISTS Proc_GetComment;

--
-- Drop procedure `Proc_GetCommentById`
--
DROP PROCEDURE IF EXISTS Proc_GetCommentById;

--
-- Drop procedure `Proc_InsertAccount`
--
DROP PROCEDURE IF EXISTS Proc_InsertAccount;

--
-- Drop procedure `Proc_InsertComment`
--
DROP PROCEDURE IF EXISTS Proc_InsertComment;

--
-- Drop procedure `Proc_UpdateAccount`
--
DROP PROCEDURE IF EXISTS Proc_UpdateAccount;

--
-- Drop procedure `Proc_UpdateComment`
--
DROP PROCEDURE IF EXISTS Proc_UpdateComment;

--
-- Drop table `account`
--
DROP TABLE IF EXISTS account;

--
-- Drop table `block`
--
DROP TABLE IF EXISTS block;

--
-- Drop table `comment`
--
DROP TABLE IF EXISTS comment;

--
-- Drop table `report`
--
DROP TABLE IF EXISTS report;

--
-- Drop procedure `Proc_CheckNewPost`
--
DROP PROCEDURE IF EXISTS Proc_CheckNewPost;

--
-- Drop procedure `Proc_DeletePostById`
--
DROP PROCEDURE IF EXISTS Proc_DeletePostById;

--
-- Drop procedure `Proc_GetPagingPost`
--
DROP PROCEDURE IF EXISTS Proc_GetPagingPost;

--
-- Drop procedure `Proc_GetPostById`
--
DROP PROCEDURE IF EXISTS Proc_GetPostById;

--
-- Drop procedure `Proc_InsertPost`
--
DROP PROCEDURE IF EXISTS Proc_InsertPost;

--
-- Drop procedure `Proc_UpdatePost`
--
DROP PROCEDURE IF EXISTS Proc_UpdatePost;

--
-- Drop table `post`
--
DROP TABLE IF EXISTS post;

--
-- Drop procedure `Proc_DeleteFriendById`
--
DROP PROCEDURE IF EXISTS Proc_DeleteFriendById;

--
-- Drop procedure `Proc_GetCountRequested`
--
DROP PROCEDURE IF EXISTS Proc_GetCountRequested;

--
-- Drop procedure `Proc_GetCountUserFriends`
--
DROP PROCEDURE IF EXISTS Proc_GetCountUserFriends;

--
-- Drop procedure `Proc_GetFriend`
--
DROP PROCEDURE IF EXISTS Proc_GetFriend;

--
-- Drop procedure `Proc_GetRequestedFriend`
--
DROP PROCEDURE IF EXISTS Proc_GetRequestedFriend;

--
-- Drop procedure `Proc_GetUserFriends`
--
DROP PROCEDURE IF EXISTS Proc_GetUserFriends;

--
-- Drop procedure `Proc_InsertFriend`
--
DROP PROCEDURE IF EXISTS Proc_InsertFriend;

--
-- Drop procedure `Proc_UpdateFriend`
--
DROP PROCEDURE IF EXISTS Proc_UpdateFriend;

--
-- Drop table `friend`
--
DROP TABLE IF EXISTS friend;

--
-- Drop procedure `Proc_DeleteMessageById`
--
DROP PROCEDURE IF EXISTS Proc_DeleteMessageById;

--
-- Drop procedure `Proc_GetLastMessage`
--
DROP PROCEDURE IF EXISTS Proc_GetLastMessage;

--
-- Drop procedure `Proc_GetMessageById`
--
DROP PROCEDURE IF EXISTS Proc_GetMessageById;

--
-- Drop procedure `Proc_GetMessages`
--
DROP PROCEDURE IF EXISTS Proc_GetMessages;

--
-- Drop procedure `Proc_InsertMessage`
--
DROP PROCEDURE IF EXISTS Proc_InsertMessage;

--
-- Drop table `message`
--
DROP TABLE IF EXISTS message;

--
-- Drop procedure `Proc_GetConversationById`
--
DROP PROCEDURE IF EXISTS Proc_GetConversationById;

--
-- Drop procedure `Proc_GetPagingConversation`
--
DROP PROCEDURE IF EXISTS Proc_GetPagingConversation;

--
-- Drop procedure `Proc_InsertConversation`
--
DROP PROCEDURE IF EXISTS Proc_InsertConversation;

--
-- Drop table `conversation`
--
DROP TABLE IF EXISTS conversation;

--
-- Drop procedure `Proc_InsertTokenAccount`
--
DROP PROCEDURE IF EXISTS Proc_InsertTokenAccount;

--
-- Drop table `tokenaccount`
--
DROP TABLE IF EXISTS tokenaccount;

--
-- Set default database
--
USE db_a7ca4c_bkzalo;

--
-- Create table `tokenaccount`
--
CREATE TABLE tokenaccount (
  Token varchar(255) NOT NULL DEFAULT '',
  PhoneNumber varchar(30) DEFAULT NULL,
  CreatedAt datetime DEFAULT NULL,
  ModifiedAt datetime DEFAULT NULL,
  PRIMARY KEY (Token)
)
ENGINE = INNODB,
AVG_ROW_LENGTH = 1365,
CHARACTER SET utf8,
COLLATE utf8_general_ci;

DELIMITER $$

--
-- Create procedure `Proc_InsertTokenAccount`
--
CREATE DEFINER = 'a7ca4c_bkzalo'@'%'
PROCEDURE Proc_InsertTokenAccount (IN Token varchar(255), IN PhoneNumber varchar(255))
BEGIN
  INSERT INTO tokenaccount (Token, PhoneNumber, CreatedAt)
    VALUES (Token, PhoneNumber, CURRENT_TIMESTAMP());
END
$$

DELIMITER ;

--
-- Create table `conversation`
--
CREATE TABLE conversation (
  ConversationId char(36) DEFAULT NULL,
  AllMemberId text DEFAULT NULL,
  AllReadId text DEFAULT NULL,
  CreatedAt datetime DEFAULT NULL,
  ModifiedAt datetime DEFAULT NULL
)
ENGINE = INNODB,
AVG_ROW_LENGTH = 1365,
CHARACTER SET utf8,
COLLATE utf8_general_ci;

DELIMITER $$

--
-- Create procedure `Proc_InsertConversation`
--
CREATE DEFINER = 'a7ca4c_bkzalo'@'%'
PROCEDURE Proc_InsertConversation (IN ConversationId char(36), IN AllMemberId text)
BEGIN
  INSERT INTO conversation (ConversationId, AllMemberId, CreatedAt, ModifiedAt)
    VALUES (ConversationId, AllMemberId, CURRENT_TIMESTAMP(), NOW() + INTERVAL 15 HOUR);
END
$$

--
-- Create procedure `Proc_GetPagingConversation`
--
CREATE DEFINER = 'a7ca4c_bkzalo'@'%'
PROCEDURE Proc_GetPagingConversation (IN UserId char(36), IN Indexx int, IN Count int)
BEGIN
  SELECT
    *
  FROM conversation c
  WHERE c.AllMemberId LIKE CONCAT('%', UserId, '%')
  ORDER BY c.ModifiedAt DESC
  LIMIT Indexx, Count;
END
$$

--
-- Create procedure `Proc_GetConversationById`
--
CREATE DEFINER = 'a7ca4c_bkzalo'@'%'
PROCEDURE Proc_GetConversationById (IN ConversationId char(36))
BEGIN
  SELECT
    *
  FROM conversation c
  WHERE c.ConversationId = ConversationId;
END
$$

DELIMITER ;

--
-- Create table `message`
--
CREATE TABLE message (
  MessageId char(36) NOT NULL DEFAULT '',
  SenderId char(36) DEFAULT NULL,
  ReceiverId char(36) DEFAULT NULL,
  ConversationId char(36) DEFAULT NULL,
  Content text DEFAULT NULL,
  CreatedAt datetime DEFAULT NULL,
  ModifiedAt datetime DEFAULT NULL,
  PRIMARY KEY (MessageId)
)
ENGINE = INNODB,
AVG_ROW_LENGTH = 341,
CHARACTER SET utf8,
COLLATE utf8_general_ci;

DELIMITER $$

--
-- Create procedure `Proc_InsertMessage`
--
CREATE DEFINER = 'a7ca4c_bkzalo'@'%'
PROCEDURE Proc_InsertMessage (IN MessageId char(36), IN SenderId char(36), IN ReceiverId char(36), IN ConversationId char(36), IN Content char(36))
BEGIN
  INSERT INTO message (MessageId, SenderId, ReceiverId, ConversationId, Content, CreatedAt)
    VALUES (MessageId, SenderId, ReceiverId, ConversationId, Content, NOW() + INTERVAL 15 HOUR);

  UPDATE conversation c
  SET c.ModifiedAt = NOW() + INTERVAL 15 HOUR
  WHERE c.ConversationId = ConversationId;
END
$$

--
-- Create procedure `Proc_GetMessages`
--
CREATE DEFINER = 'a7ca4c_bkzalo'@'%'
PROCEDURE Proc_GetMessages (IN ConversationId char(36), IN Indexx int, IN Count int)
BEGIN
  SELECT
    *
  FROM message m
  WHERE m.ConversationId = ConversationId
  ORDER BY m.CreatedAt DESC
  LIMIT Indexx, Count;
END
$$

--
-- Create procedure `Proc_GetMessageById`
--
CREATE DEFINER = 'a7ca4c_bkzalo'@'%'
PROCEDURE Proc_GetMessageById (IN MessageId char(36))
BEGIN
  SELECT
    *
  FROM message m
  WHERE m.MessageId = MessageId;
END
$$

--
-- Create procedure `Proc_GetLastMessage`
--
CREATE DEFINER = 'a7ca4c_bkzalo'@'%'
PROCEDURE Proc_GetLastMessage (IN ConversationId varchar(255))
BEGIN
  SELECT
    *
  FROM message m
  WHERE m.ConversationId = ConversationId
  ORDER BY m.CreatedAt DESC
  LIMIT 0, 1;
END
$$

--
-- Create procedure `Proc_DeleteMessageById`
--
CREATE DEFINER = 'a7ca4c_bkzalo'@'%'
PROCEDURE Proc_DeleteMessageById (IN MessageId char(36))
BEGIN
  DELETE
    FROM message
  WHERE message.MessageId = MessageId;
END
$$

DELIMITER ;

--
-- Create table `friend`
--
CREATE TABLE friend (
  FriendId char(36) NOT NULL DEFAULT '',
  IdA char(36) NOT NULL DEFAULT '',
  IdB char(36) NOT NULL DEFAULT '',
  IsFriend tinyint(1) DEFAULT NULL,
  CreatedAt datetime DEFAULT NULL,
  ModifiedAt datetime DEFAULT NULL,
  PRIMARY KEY (IdA, IdB)
)
ENGINE = INNODB,
CHARACTER SET utf8,
COLLATE utf8_general_ci;

DELIMITER $$

--
-- Create procedure `Proc_UpdateFriend`
--
CREATE DEFINER = 'a7ca4c_bkzalo'@'%'
PROCEDURE Proc_UpdateFriend (IN FriendId char(36), IN IsFriend tinyint(1))
BEGIN
  UPDATE friend f
  SET f.IsFriend = IsFriend
  WHERE f.FriendId = FriendId;
END
$$

--
-- Create procedure `Proc_InsertFriend`
--
CREATE DEFINER = 'a7ca4c_bkzalo'@'%'
PROCEDURE Proc_InsertFriend (IN IdA char(36), IN IdB char(36), IN IsFriend tinyint(1))
BEGIN
  INSERT INTO friend (FriendId, IdA, IdB, IsFriend, CreatedAt)
    VALUES (UUID(), IdA, IdB, IsFriend, NOW() + INTERVAL 15 HOUR);
END
$$

--
-- Create procedure `Proc_GetUserFriends`
--
CREATE DEFINER = 'a7ca4c_bkzalo'@'%'
PROCEDURE Proc_GetUserFriends (IN UserId char(36), IN Indexx int, IN Count int)
BEGIN
  SELECT
    *
  FROM friend f
  WHERE (f.IdA = UserId)
  OR (f.IdB = UserId)
  LIMIT Indexx, Count;
END
$$

--
-- Create procedure `Proc_GetRequestedFriend`
--
CREATE DEFINER = 'a7ca4c_bkzalo'@'%'
PROCEDURE Proc_GetRequestedFriend (IN IdB char(36), IN Indexx int, IN Count int)
BEGIN
  SELECT
    *
  FROM friend f
  WHERE f.IdB = IdB
  LIMIT Indexx, Count;
END
$$

--
-- Create procedure `Proc_GetFriend`
--
CREATE DEFINER = 'a7ca4c_bkzalo'@'%'
PROCEDURE Proc_GetFriend (IN IdA char(36), IN IdB char(36))
BEGIN
  SELECT
    *
  FROM friend f
  WHERE f.IdA = IdA
  AND f.IdB = IdB;
END
$$

--
-- Create procedure `Proc_GetCountUserFriends`
--
CREATE DEFINER = 'a7ca4c_bkzalo'@'%'
PROCEDURE Proc_GetCountUserFriends (IN UserId char(36))
BEGIN
  SELECT
    COUNT(f.FriendId) AS Cnt
  FROM friend f
  WHERE (f.IdA = UserId)
  OR (f.IdB = UserId);
END
$$

--
-- Create procedure `Proc_GetCountRequested`
--
CREATE DEFINER = 'a7ca4c_bkzalo'@'%'
PROCEDURE Proc_GetCountRequested (IN IdA char(36))
BEGIN
  SELECT
    COUNT(f.FriendId) AS Cnt
  FROM friend f
  WHERE f.IdA = IdA;
END
$$

--
-- Create procedure `Proc_DeleteFriendById`
--
CREATE DEFINER = 'a7ca4c_bkzalo'@'%'
PROCEDURE Proc_DeleteFriendById (IN FriendId char(36))
BEGIN
  DELETE
    FROM friend
  WHERE friend.FriendId = FriendId;
END
$$

DELIMITER ;

--
-- Create table `post`
--
CREATE TABLE post (
  PostId char(36) NOT NULL DEFAULT '',
  AccountId char(36) DEFAULT NULL,
  Described varchar(1000) DEFAULT NULL,
  AllMediaUrl text DEFAULT NULL,
  AllAccountIdLiked text DEFAULT NULL,
  CanComment tinyint(1) DEFAULT NULL,
  CreatedAt datetime DEFAULT NULL,
  ModifiedAt datetime DEFAULT NULL,
  PRIMARY KEY (PostId)
)
ENGINE = INNODB,
AVG_ROW_LENGTH = 585,
CHARACTER SET utf8,
COLLATE utf8_general_ci;

DELIMITER $$

--
-- Create procedure `Proc_UpdatePost`
--
CREATE DEFINER = 'a7ca4c_bkzalo'@'%'
PROCEDURE Proc_UpdatePost (IN PostId char(36), IN Described varchar(1000), IN AllMediaUrl text, IN AllAccountIdLiked text, IN CanComment tinyint(1))
BEGIN
  UPDATE post p
  SET p.Described = Described,
      p.AllMediaUrl = AllMediaUrl,
      p.AllAccountIdLiked = AllAccountIdLiked,
      p.CanComment = CanComment,
      p.ModifiedAt = NOW() + INTERVAL 15 HOUR
  WHERE p.PostId = PostId;
END
$$

--
-- Create procedure `Proc_InsertPost`
--
CREATE DEFINER = 'a7ca4c_bkzalo'@'%'
PROCEDURE Proc_InsertPost (IN PostId char(36), IN AccountId char(36), IN Described varchar(1000), IN AllMediaUrl text, IN CanComment tinyint(1))
BEGIN
  INSERT INTO post (PostId, AccountId, Described, AllMediaUrl, CanComment, CreatedAt)
    VALUES (PostId, AccountId, Described, AllMediaUrl, CanComment, NOW() + INTERVAL 15 HOUR);
END
$$

--
-- Create procedure `Proc_GetPostById`
--
CREATE DEFINER = 'a7ca4c_bkzalo'@'%'
PROCEDURE Proc_GetPostById (IN PostId char(36))
BEGIN
  SELECT
    *
  FROM post p
  WHERE p.PostId = PostId;
END
$$

--
-- Create procedure `Proc_GetPagingPost`
--
CREATE DEFINER = 'a7ca4c_bkzalo'@'%'
PROCEDURE Proc_GetPagingPost (IN Indexx int, IN Count int)
BEGIN
  SELECT
    *
  FROM post p
  ORDER BY p.CreatedAt DESC
  LIMIT Indexx, Count;
END
$$

--
-- Create procedure `Proc_DeletePostById`
--
CREATE DEFINER = 'a7ca4c_bkzalo'@'%'
PROCEDURE Proc_DeletePostById (IN PostId varchar(255))
BEGIN
  DELETE
    FROM post
  WHERE post.PostId = PostId;
END
$$

--
-- Create procedure `Proc_CheckNewPost`
--
CREATE DEFINER = 'a7ca4c_bkzalo'@'%'
PROCEDURE Proc_CheckNewPost (IN LastTimeStamp datetime)
BEGIN
  SELECT
    p.PostId
  FROM post p
  WHERE p.CreatedAt > LastTimeStamp;
END
$$

DELIMITER ;

--
-- Create table `report`
--
CREATE TABLE report (
  ReportId char(36) NOT NULL DEFAULT '',
  PostId char(36) DEFAULT NULL,
  AccountId char(36) DEFAULT NULL,
  Subject int(3) DEFAULT NULL,
  Details varchar(1000) DEFAULT NULL,
  CreatedAt datetime DEFAULT NULL,
  ModifiedAt datetime DEFAULT NULL,
  PRIMARY KEY (ReportId)
)
ENGINE = INNODB,
CHARACTER SET utf8,
COLLATE utf8_general_ci;

--
-- Create table `comment`
--
CREATE TABLE comment (
  CommentId char(36) NOT NULL DEFAULT '',
  AccountId char(36) DEFAULT NULL,
  Content varchar(1000) DEFAULT NULL,
  PostId char(36) DEFAULT NULL,
  CreatedAt datetime DEFAULT NULL,
  ModifiedAt datetime DEFAULT NULL,
  PRIMARY KEY (CommentId)
)
ENGINE = INNODB,
AVG_ROW_LENGTH = 819,
CHARACTER SET utf8,
COLLATE utf8_general_ci;

--
-- Create table `block`
--
CREATE TABLE block (
  BlockId char(36) NOT NULL DEFAULT '',
  BlockFromId char(36) DEFAULT NULL,
  BlockToId char(36) DEFAULT NULL,
  CreatedAt datetime DEFAULT NULL,
  ModifiedAt datetime DEFAULT NULL,
  PRIMARY KEY (BlockId)
)
ENGINE = INNODB,
CHARACTER SET utf8,
COLLATE utf8_general_ci;

--
-- Create table `account`
--
CREATE TABLE account (
  AccountId char(36) NOT NULL DEFAULT '',
  UserName varchar(100) DEFAULT NULL,
  Password varchar(20) DEFAULT NULL,
  PhoneNumber varchar(30) NOT NULL DEFAULT '',
  AvatarUrl varchar(500) DEFAULT NULL,
  CreatedAt datetime DEFAULT NULL,
  ModifiedAt datetime DEFAULT NULL,
  PRIMARY KEY (AccountId)
)
ENGINE = INNODB,
AVG_ROW_LENGTH = 963,
CHARACTER SET utf8,
COLLATE utf8_general_ci;

--
-- Create index `PhoneNumber` on table `account`
--
ALTER TABLE account
ADD UNIQUE INDEX PhoneNumber (PhoneNumber);

DELIMITER $$

--
-- Create procedure `Proc_UpdateComment`
--
CREATE DEFINER = 'a7ca4c_bkzalo'@'%'
PROCEDURE Proc_UpdateComment (IN CommentId char(36), IN Content varchar(1000))
BEGIN
  UPDATE comment c
  SET c.Content = Content
  WHERE c.CommentId = CommentId;
END
$$

--
-- Create procedure `Proc_UpdateAccount`
--
CREATE DEFINER = 'a7ca4c_bkzalo'@'%'
PROCEDURE Proc_UpdateAccount (IN AccountId char(36), IN UserName varchar(100), IN Password varchar(20), IN PhoneNumber varchar(30), IN AvatarUrl varchar(500))
BEGIN
  UPDATE account a
  SET a.UserName = UserName,
      a.Password = Password,
      a.PhoneNumber = PhoneNumber,
      a.AvatarUrl = AvatarUrl,
      a.ModifiedAt = NOW() + INTERVAL 15 HOUR
  WHERE a.AccountId = AccountId;
END
$$

--
-- Create procedure `Proc_InsertComment`
--
CREATE DEFINER = 'a7ca4c_bkzalo'@'%'
PROCEDURE Proc_InsertComment (IN CommentId char(36), IN AccountId char(36), IN Content varchar(1000), IN PostId char(36))
BEGIN
  INSERT INTO comment (CommentId, AccountId, Content, PostId, CreatedAt)
    VALUES (CommentId, AccountId, Content, PostId, NOW() + INTERVAL 15 HOUR);
END
$$

--
-- Create procedure `Proc_InsertAccount`
--
CREATE DEFINER = 'a7ca4c_bkzalo'@'%'
PROCEDURE Proc_InsertAccount (IN UserName varchar(100), IN Password varchar(20), IN PhoneNumber varchar(30))
BEGIN
  INSERT INTO account (AccountId, UserName, Password, PhoneNumber, CreatedAt)
    VALUES (UUID(), UserName, Password, PhoneNumber, CURRENT_TIMESTAMP());
END
$$

--
-- Create procedure `Proc_GetCommentById`
--
CREATE DEFINER = 'a7ca4c_bkzalo'@'%'
PROCEDURE Proc_GetCommentById (IN CommentId char(36))
BEGIN
  SELECT
    *
  FROM comment c
  WHERE c.CommentId = CommentId;
END
$$

--
-- Create procedure `Proc_GetComment`
--
CREATE DEFINER = 'a7ca4c_bkzalo'@'%'
PROCEDURE Proc_GetComment (IN `PostId` char(36), IN `Indexx` int, IN `Count` int)
BEGIN
  SELECT
    *
  FROM comment c
  WHERE c.PostId = PostId
  ORDER BY c.CreatedAt DESC
  LIMIT Indexx, Count;
END
$$

--
-- Create procedure `Proc_GetAccountById`
--
CREATE DEFINER = 'a7ca4c_bkzalo'@'%'
PROCEDURE Proc_GetAccountById (IN AccountId char(36))
BEGIN
  SELECT
    *
  FROM account a
  WHERE a.AccountId = AccountId;
END
$$

--
-- Create procedure `Proc_DeleteCommentById`
--
CREATE DEFINER = 'a7ca4c_bkzalo'@'%'
PROCEDURE Proc_DeleteCommentById (IN CommentId char(36))
BEGIN
  DELETE
    FROM comment
  WHERE comment.CommentId = CommentId;
END
$$

DELIMITER ;

-- 
-- Dumping data for table tokenaccount
--
INSERT INTO tokenaccount VALUES
('bearer eyJhbGciOiJIUzI1NiIsInR5cCI6IkpXVCJ9.eyJ1bmlxdWVfbmFtZSI6IjA4OTgwNjE1NTciLCJuYmYiOjE2NDE4OTM4NjksImV4cCI6MTY0NDQ4NTg2OSwiaWF0IjoxNjQxODkzODY5fQ.ZijPF7vHsGT3sscrG4msdttOBAoQq_7N1e4i9fJQTjo', '0898061557', '2022-01-11 01:37:49', NULL),
('bearer eyJhbGciOiJIUzI1NiIsInR5cCI6IkpXVCJ9.eyJ1bmlxdWVfbmFtZSI6IjA4OTgwNjE1NTUiLCJuYmYiOjE2NDE4ODgxODgsImV4cCI6MTY0NDQ4MDE4OCwiaWF0IjoxNjQxODg4MTg4fQ.88NiSOjo4EguBvpnb1_pc6SgjmJKuBzVwfDOZUpMSn0', '0898061555', '2022-01-11 00:03:08', NULL),
('bearer eyJhbGciOiJIUzI1NiIsInR5cCI6IkpXVCJ9.eyJ1bmlxdWVfbmFtZSI6IjA4OTgwNjE1NTYiLCJuYmYiOjE2NDE4OTM3OTMsImV4cCI6MTY0NDQ4NTc5MywiaWF0IjoxNjQxODkzNzkzfQ.NQEJEjub6bqrWBkP08tLyIhVVGK6Elf81KLyYm0P31w', '0898061556', '2022-01-11 01:36:33', NULL),
('bearer eyJhbGciOiJIUzI1NiIsInR5cCI6IkpXVCJ9.eyJ1bmlxdWVfbmFtZSI6IjA4OTgwNjE1NzAiLCJuYmYiOjE2NDEzNzIyMDAsImV4cCI6MTY0Mzk2NDIwMCwiaWF0IjoxNjQxMzcyMjAwfQ.a-233pAB5LVpH8nOgSTXNWP5M18i9pH_5PEiv3pm0rs', '0898061570', '2022-01-05 00:43:20', NULL),
('bearer eyJhbGciOiJIUzI1NiIsInR5cCI6IkpXVCJ9.eyJ1bmlxdWVfbmFtZSI6IjA4OTgwNjE1NzEiLCJuYmYiOjE2NDEzOTcyOTksImV4cCI6MTY0Mzk4OTI5OSwiaWF0IjoxNjQxMzk3Mjk5fQ.IqO4Ar99omPe7raaoHEWkwrmUe07SfAToJ3u51VGHlY', '0898061571', '2022-01-05 07:41:40', NULL),
('bearer eyJhbGciOiJIUzI1NiIsInR5cCI6IkpXVCJ9.eyJ1bmlxdWVfbmFtZSI6IjA4OTgwNjE1NzIiLCJuYmYiOjE2NDE4NzQ4MTIsImV4cCI6MTY0NDQ2NjgxMiwiaWF0IjoxNjQxODc0ODEyfQ.0D2aRxn2yoi8Yu7ZuOcdfYeQEBaiqrppyB3GY7q9oAs', '0898061572', '2022-01-10 20:20:12', NULL),
('bearer eyJhbGciOiJIUzI1NiIsInR5cCI6IkpXVCJ9.eyJ1bmlxdWVfbmFtZSI6IjA4OTgwNjE1NzMiLCJuYmYiOjE2NDEzNjg4ODEsImV4cCI6MTY0Mzk2MDg4MSwiaWF0IjoxNjQxMzY4ODgxfQ.YFBRQt7EZeWRR1s0oL4MgbGmc_m_OX7P3FrAux6hH70', '0898061573', '2022-01-04 23:48:01', NULL),
('bearer eyJhbGciOiJIUzI1NiIsInR5cCI6IkpXVCJ9.eyJ1bmlxdWVfbmFtZSI6IjA4OTgwNjE1NzUiLCJuYmYiOjE2NDE3MzI0NTEsImV4cCI6MTY0NDMyNDQ1MSwiaWF0IjoxNjQxNzMyNDUxfQ.XLUNfTEDFE1EMBeBNWWzRs62hweuZMM7OekN9oend4c', '0898061575', '2022-01-09 04:47:31', NULL),
('bearer eyJhbGciOiJIUzI1NiIsInR5cCI6IkpXVCJ9.eyJ1bmlxdWVfbmFtZSI6IjA5NjY4ODg5OTkiLCJuYmYiOjE2NDE4ODgzMjUsImV4cCI6MTY0NDQ4MDMyNSwiaWF0IjoxNjQxODg4MzI1fQ.YChrhL81vjybBcqJQ5a9MzQuVm_lhgp1SR3rmnb8ZKs', '0966888999', '2022-01-11 00:05:25', NULL),
('bearer eyJhbGciOiJIUzI1NiIsInR5cCI6IkpXVCJ9.eyJ1bmlxdWVfbmFtZSI6IjA5NzE4ODMwMjgiLCJuYmYiOjE2NDE4NzY5NzQsImV4cCI6MTY0NDQ2ODk3NCwiaWF0IjoxNjQxODc2OTc0fQ.9mhVdmkDYHGVzNDF4jD6cTKimPrNGv4PlTHi-W1BlT8', '0971883028', '2022-01-10 20:56:14', NULL),
('bearer eyJhbGciOiJIUzI1NiIsInR5cCI6IkpXVCJ9.eyJ1bmlxdWVfbmFtZSI6IjA5NzE4ODMwMjUiLCJuYmYiOjE2NDE4MjU3MTcsImV4cCI6MTY0NDQxNzcxNywiaWF0IjoxNjQxODI1NzE3fQ.9hDddtI7om5dSEVqtVkmmpejR1pxJ7AClbs2YZFIFvU', '0971883025', '2022-01-10 06:41:57', NULL),
('bearer eyJhbGciOiJIUzI1NiIsInR5cCI6IkpXVCJ9.eyJ1bmlxdWVfbmFtZSI6IjA5NzE4ODMwMjYiLCJuYmYiOjE2NDE4OTA5MTQsImV4cCI6MTY0NDQ4MjkxNCwiaWF0IjoxNjQxODkwOTE0fQ.tlhPNFgo1OE3LvpaQrtz8mMvudttl0P7UGWBGBZADlw', '0971883026', '2022-01-11 00:48:34', NULL);

-- 
-- Dumping data for table report
--
-- Table db_a7ca4c_bkzalo.report does not contain any data (it is empty)

-- 
-- Dumping data for table post
--
INSERT INTO post VALUES
('04dc9c1c-fee6-42f7-8c6e-4fd5613201b9', '511d87f1-6471-11ec-9b63-00155e015604', '', '511d87f1-6471-11ec-9b63-00155e015604X27af13d4-b7ca-4192-bfe6-0b460add5196.jpg', NULL, 1, '2022-01-11 09:35:56', NULL),
('0e85e458-7d5e-4a8b-95df-1ec157b77aa9', '48bd06af-729c-11ec-ac96-00155e015604', '', '48bd06af-729c-11ec-ac96-00155e015604X30d3f992-2e43-4021-a1bc-eb1aa93e4920.jpg', '48bd06af-729c-11ec-ac96-00155e015604 b1b3bf9c-729c-11ec-ac96-00155e015604', 1, '2022-01-11 15:13:22', '2022-01-11 16:24:49'),
('0edd3a9b-3c30-47d4-8c8c-d2d6b957c114', '48bd06af-729c-11ec-ac96-00155e015604', '', '48bd06af-729c-11ec-ac96-00155e015604X6e89f7bf-fba4-45dd-a862-f24862fe6465.jpg', NULL, 1, '2022-01-11 15:12:21', NULL),
('11371bf9-c11d-4b72-987e-0e935cf1e6c2', '933508d9-71b9-11ec-ac96-00155e015604', 'Smile ??? ???', '933508d9-71b9-11ec-ac96-00155e015604Xc6d12b52-c01d-4a0b-9bd7-5124d8b8a81f.jpg', NULL, 1, '2022-01-11 15:44:39', NULL),
('14b415eb-9e30-451b-a561-d293870f195f', '511d87f1-6471-11ec-9b63-00155e015604', ':v leaf', '511d87f1-6471-11ec-9b63-00155e015604X5453271b-42f3-4e56-8ca5-6bbe22fa852b.jpg', '511d87f1-6471-11ec-9b63-00155e015604', 1, '2022-01-10 13:10:49', '2022-01-10 23:30:25'),
('368ec3ef-ce64-453b-93ec-8cf038d58851', '511d87f1-6471-11ec-9b63-00155e015604', '', '511d87f1-6471-11ec-9b63-00155e015604X60dc5cf4-863b-4fdf-955c-7986415d75e0.jpg', NULL, 1, '2022-01-11 09:37:09', NULL),
('3c6687fb-a91b-4ba0-9a61-bc747d86dde7', '48bd06af-729c-11ec-ac96-00155e015604', 'toi yeu Bach khoa', '48bd06af-729c-11ec-ac96-00155e015604X70736c36-87f1-4f08-9202-367634ed2b71.jpg', NULL, 1, '2022-01-11 16:09:36', NULL),
('4d5e1ccf-9e02-4bcb-9a9d-46c01d9e2df3', '9b3580d3-7086-11ec-ac96-00155e015604', 'Bài đăng của a', '', NULL, 1, '2022-01-11 09:06:09', NULL),
('4f8996a0-7da2-4211-9052-5ea2dd9a779c', '511d87f1-6471-11ec-9b63-00155e015604', 'sdasd', '511d87f1-6471-11ec-9b63-00155e015604Xb80f5467-0864-48b0-b740-e20ab512ebf1.jpg', NULL, 1, '2022-01-11 00:51:48', NULL),
('54a258ea-ba7e-456a-9194-968402a9133f', '511d87f1-6471-11ec-9b63-00155e015604', 'test on real device redmi7', '511d87f1-6471-11ec-9b63-00155e015604X92268d49-5abf-4f1d-bd68-3303b7372545.jpg', '511d87f1-6471-11ec-9b63-00155e015604', 1, '2022-01-10 15:48:21', '2022-01-11 00:51:52'),
('5b9ee57c-4cd6-4718-8267-77baee5ca2ba', '48bd06af-729c-11ec-ac96-00155e015604', 'zinm', '48bd06af-729c-11ec-ac96-00155e015604Xb6fdd8a0-5b1f-448b-9d8e-484c89de7177.jpg', 'b1b3bf9c-729c-11ec-ac96-00155e015604', 1, '2022-01-11 15:14:00', '2022-01-11 16:25:02'),
('64f1027f-55c8-48cf-beff-4a9e0ba61c49', '48bd06af-729c-11ec-ac96-00155e015604', 'bai dang', '', NULL, 1, '2022-01-11 16:11:11', NULL),
('682c11d1-6df3-48fe-a68d-e8111f87e03b', '511d87f1-6471-11ec-9b63-00155e015604', 'uuuu', '', NULL, 1, '2022-01-11 09:21:11', NULL),
('7261ff01-fe18-4773-90a1-29845a7fa94a', '511d87f1-6471-11ec-9b63-00155e015604', 'youtube', '511d87f1-6471-11ec-9b63-00155e015604X2a742018-1551-4f12-a14d-d9f5156c3f76.jpg', '511d87f1-6471-11ec-9b63-00155e015604', 1, '2022-01-11 02:13:21', '2022-01-11 02:14:12'),
('794fe459-0099-4f82-a678-a8b91a069154', '933508d9-71b9-11ec-ac96-00155e015604', 'Woaww', '933508d9-71b9-11ec-ac96-00155e015604X3b2f7826-3cf8-4705-8aa3-1e03563ba267.jpg', 'b1b3bf9c-729c-11ec-ac96-00155e015604', 1, '2022-01-11 15:21:45', '2022-01-11 16:07:37'),
('7cf89f3c-cdb2-404b-bc5e-8a01166d2059', '48bd06af-729c-11ec-ac96-00155e015604', '', '48bd06af-729c-11ec-ac96-00155e015604Xce287da5-dcf9-4967-9269-ab13c6a4af55.jpg', 'b1b3bf9c-729c-11ec-ac96-00155e015604', 1, '2022-01-11 15:13:04', '2022-01-11 16:24:56'),
('862720c9-3d43-43fe-80a4-06a63e8c70b7', '48bd06af-729c-11ec-ac96-00155e015604', '', '48bd06af-729c-11ec-ac96-00155e015604X075e7b3c-337b-41b9-8e33-e9d37e59b640.jpg', '48bd06af-729c-11ec-ac96-00155e015604 b1b3bf9c-729c-11ec-ac96-00155e015604', 1, '2022-01-11 16:16:32', '2022-01-11 16:41:49'),
('9b9d4a7f-5dbe-496b-b2a7-470001756c11', '511d87f1-6471-11ec-9b63-00155e015604', '', '511d87f1-6471-11ec-9b63-00155e015604X87b90a19-5cb6-4605-a294-8cef37382c47.jpg', NULL, 1, '2022-01-11 01:27:20', NULL),
('ab663b34-6ae4-4281-be0b-c719a9a46faa', '511d87f1-6471-11ec-9b63-00155e015604', 'uuuu', '511d87f1-6471-11ec-9b63-00155e015604X57086ecc-a187-4dd4-8d31-77209ee296f6.jpg', NULL, 1, '2022-01-11 09:18:12', NULL),
('ae211699-ac00-470f-9eba-2f67bffa8cc1', '933508d9-71b9-11ec-ac96-00155e015604', 'Sunset ', '933508d9-71b9-11ec-ac96-00155e015604X10227d1a-9a1a-487a-b7bc-19b99290e1d8.jpg', '9b3580d3-7086-11ec-ac96-00155e015604 933508d9-71b9-11ec-ac96-00155e015604', 1, '2022-01-11 15:30:22', '2022-01-11 16:15:04'),
('b63ac7cc-0583-4d4d-9f73-70fcf25e7bd2', '511d87f1-6471-11ec-9b63-00155e015604', 'open', '', NULL, 1, '2022-01-11 09:35:42', NULL),
('ba828bac-3205-44d1-a5bf-a4b10bc991b1', '511d87f1-6471-11ec-9b63-00155e015604', 'utyutuyty', '', NULL, 1, '2022-01-11 09:36:12', NULL),
('c34e22fa-eb2c-4930-908c-2ce3612f4fda', '48bd06af-729c-11ec-ac96-00155e015604', '', '48bd06af-729c-11ec-ac96-00155e015604X5725f9c9-2f14-47f6-8c31-7ab34306cb7d.jpg', 'b1b3bf9c-729c-11ec-ac96-00155e015604', 1, '2022-01-11 15:12:43', '2022-01-11 16:24:59'),
('cb7315bf-19fc-4a85-a47c-eb2d63bf2c72', '511d87f1-6471-11ec-9b63-00155e015604', '', '511d87f1-6471-11ec-9b63-00155e015604X16ffd245-b8e0-4b2c-aaf4-2adba9446522.jpg', NULL, 1, '2022-01-11 09:27:42', NULL),
('d9f9a317-1993-43ac-ac44-5e68cb5611e1', '511d87f1-6471-11ec-9b63-00155e015604', '', '511d87f1-6471-11ec-9b63-00155e015604Xb561ef14-b640-4b23-a49b-15a3440c362a.jpg', '511d87f1-6471-11ec-9b63-00155e015604', 1, '2022-01-11 01:29:24', '2022-01-11 02:13:33'),
('e4c9a8bc-0bd4-40d1-9113-3c84223cbc99', '511d87f1-6471-11ec-9b63-00155e015604', 'orange is blue', '511d87f1-6471-11ec-9b63-00155e015604Xb0cc6220-8ef4-46ae-b471-e538dfd16c10.jpg', '511d87f1-6471-11ec-9b63-00155e015604', 1, '2022-01-10 14:16:34', '2022-01-10 23:32:41'),
('e92013ce-6a44-4836-8e8f-4546a2144eee', '511d87f1-6471-11ec-9b63-00155e015604', 'Test update post1!', '511d87f1-6471-11ec-9b63-00155e015604X5453271b-42f3-4e56-8ca5-6bbe22fa852b.jpg', '9b3580d3-7086-11ec-ac96-00155e015604 511d87f1-6471-11ec-9b63-00155e015604', 1, '2022-01-10 13:12:54', '2022-01-10 23:32:51'),
('f524be33-2d98-407d-b2e4-cd8acb757f66', '511d87f1-6471-11ec-9b63-00155e015604', '', '511d87f1-6471-11ec-9b63-00155e015604X3eaa95c0-497a-406d-b7c9-bbae5c8243f3.jpg', '511d87f1-6471-11ec-9b63-00155e015604', 1, '2022-01-11 11:30:05', '2022-01-11 11:30:11');

-- 
-- Dumping data for table message
--
INSERT INTO message VALUES
('05e3bd53-0d85-4823-872a-77a7a31a1b2d', '0b3f2323-6dd3-11ec-ac96-00155e015604', '511d87f1-6471-11ec-9b63-00155e015604', 'b8e30df1-6fd3-11ec-ac96-00155e015604', 'E', '2022-01-09 00:48:01', NULL),
('05f3c07a-fe63-44d1-b413-49637825f08d', '511d87f1-6471-11ec-9b63-00155e015604', '933508d9-71b9-11ec-ac96-00155e015604', 'bd253bd5-c25f-4ab9-8c4a-2d4d7e27afd0', '456', '2022-01-10 19:52:43', NULL),
('0812e62a-ebb1-4f8b-85fe-c25c1b961820', 'b1b3bf9c-729c-11ec-ac96-00155e015604', '48bd06af-729c-11ec-ac96-00155e015604', '3ec25a1d-d27f-4251-ad1c-62a5e753e7c3', 'L', '2022-01-11 14:57:28', NULL),
('09369ed9-32e8-48b8-9eee-3639b8783f8a', '0b3f2323-6dd3-11ec-ac96-00155e015604', '511d87f1-6471-11ec-9b63-00155e015604', 'b8e30df1-6fd3-11ec-ac96-00155e015604', 'Du', '2022-01-09 00:45:59', NULL),
('09445ebf-8a5f-4fc4-8b8e-7ae890858094', '511d87f1-6471-11ec-9b63-00155e015604', '4cc19393-6dd3-11ec-ac96-00155e015604', '29508b9a-dabe-4f17-8ee3-ac27cc0c577d', 'yeu em', '2022-01-11 09:45:11', NULL),
('0df48bcd-05a3-4094-88e1-d351f3fe7342', 'b1b3bf9c-729c-11ec-ac96-00155e015604', '48bd06af-729c-11ec-ac96-00155e015604', '3ec25a1d-d27f-4251-ad1c-62a5e753e7c3', 'C', '2022-01-11 14:42:01', NULL),
('0f144f69-6ef1-4b22-a56c-a02b54861e15', '511d87f1-6471-11ec-9b63-00155e015604', '0b3f2323-6dd3-11ec-ac96-00155e015604', 'b8e30df1-6fd3-11ec-ac96-00155e015604', 'Nguyen van hieu', '2022-01-09 00:56:43', NULL),
('0f9a6a84-6fdd-4fe2-ba99-216310fee3bb', '48bd06af-729c-11ec-ac96-00155e015604', 'b1b3bf9c-729c-11ec-ac96-00155e015604', '3ec25a1d-d27f-4251-ad1c-62a5e753e7c3', 'Ertuuuuuuuuuu????', '2022-01-11 16:13:13', NULL),
('10d12a31-4105-482c-b854-54743d103a2e', '511d87f1-6471-11ec-9b63-00155e015604', '0b3f2323-6dd3-11ec-ac96-00155e015604', 'b8e30df1-6fd3-11ec-ac96-00155e015604', 'Test nhé okok!', '2022-01-08 02:50:42', NULL),
('12b7152a-7ec9-4147-858e-92b631e7aac4', '511d87f1-6471-11ec-9b63-00155e015604', 'd1f490df-6dd3-11ec-ac96-00155e015604', '44f55671-ecd8-44e7-8df0-ac43b7cc859d', 'xin chao 2', '2022-01-09 05:14:57', NULL),
('153e183e-cb7e-471f-953b-f6d5bc5d5794', 'b1b3bf9c-729c-11ec-ac96-00155e015604', '48bd06af-729c-11ec-ac96-00155e015604', '3ec25a1d-d27f-4251-ad1c-62a5e753e7c3', 'L', '2022-01-11 13:47:09', NULL),
('164e729b-0cb7-48b8-a3b2-c326aa28440d', '0b3f2323-6dd3-11ec-ac96-00155e015604', '511d87f1-6471-11ec-9b63-00155e015604', 'b8e30df1-6fd3-11ec-ac96-00155e015604', '123456789', '2022-01-09 03:06:21', NULL),
('171e38e0-6ca0-4821-81d7-50d6fe9489b0', 'b1b3bf9c-729c-11ec-ac96-00155e015604', '48bd06af-729c-11ec-ac96-00155e015604', '3ec25a1d-d27f-4251-ad1c-62a5e753e7c3', 'Qqqqq', '2022-01-11 13:41:17', NULL),
('176be222-f475-415a-b8a6-407e183b4561', 'b1b3bf9c-729c-11ec-ac96-00155e015604', '6116d1d1-72b1-11ec-ac96-00155e015604', '8245ee31-bbc4-4123-a25d-27c7be8bd339', 'Fghjiy', '2022-01-11 16:12:48', NULL),
('18643c04-01f3-4606-aec7-b3eb426dd31b', '9b3580d3-7086-11ec-ac96-00155e015604', '933508d9-71b9-11ec-ac96-00155e015604', '56b6ca39-f63a-4a5d-b8d3-65e736bb8af5', '?', '2022-01-11 15:50:16', NULL),
('199f8595-cbaf-4e2f-acd0-313049471a73', 'b1b3bf9c-729c-11ec-ac96-00155e015604', '48bd06af-729c-11ec-ac96-00155e015604', '3ec25a1d-d27f-4251-ad1c-62a5e753e7c3', 'Y', '2022-01-11 13:33:48', NULL),
('19e63c90-6d1e-499d-bd73-3555db178725', '511d87f1-6471-11ec-9b63-00155e015604', '0b3f2323-6dd3-11ec-ac96-00155e015604', 'b8e30df1-6fd3-11ec-ac96-00155e015604', 'Test nhé okok!', '2022-01-08 07:42:45', NULL),
('1a01ff5a-d1ea-4dab-b672-b6c92ec32055', '0b3f2323-6dd3-11ec-ac96-00155e015604', '511d87f1-6471-11ec-9b63-00155e015604', 'b8e30df1-6fd3-11ec-ac96-00155e015604', 'Eee', '2022-01-09 00:46:35', NULL),
('1cf2f5c8-5348-4b0e-ad87-5ac19b79d412', 'b1b3bf9c-729c-11ec-ac96-00155e015604', '48bd06af-729c-11ec-ac96-00155e015604', '3ec25a1d-d27f-4251-ad1c-62a5e753e7c3', 'Y', '2022-01-11 13:34:57', NULL),
('251f5527-f823-4a6e-9df8-3b1131c8b614', 'b1b3bf9c-729c-11ec-ac96-00155e015604', '48bd06af-729c-11ec-ac96-00155e015604', '3ec25a1d-d27f-4251-ad1c-62a5e753e7c3', 'R', '2022-01-11 13:47:13', NULL),
('25846438-55f0-4137-9eda-70565483d901', '9b3580d3-7086-11ec-ac96-00155e015604', '933508d9-71b9-11ec-ac96-00155e015604', '56b6ca39-f63a-4a5d-b8d3-65e736bb8af5', 'chao ban', '2022-01-11 15:49:14', NULL),
('2665e659-79c5-4c0e-b439-1c531e03266f', '511d87f1-6471-11ec-9b63-00155e015604', '0b3f2323-6dd3-11ec-ac96-00155e015604', 'b8e30df1-6fd3-11ec-ac96-00155e015604', 'Test nhé okok!', '2022-01-08 02:12:53', NULL),
('283a6cbf-1456-4036-864d-4bb308df0a24', '511d87f1-6471-11ec-9b63-00155e015604', '9b3580d3-7086-11ec-ac96-00155e015604', '598673ac-d3ca-47e4-890d-8ec3b3dac440', 'Qqqqqqqqqq', '2022-01-11 10:57:07', NULL),
('28adb72a-73f3-42ae-bedb-6d6a59e220d5', 'b1b3bf9c-729c-11ec-ac96-00155e015604', '48bd06af-729c-11ec-ac96-00155e015604', '3ec25a1d-d27f-4251-ad1c-62a5e753e7c3', 'P', '2022-01-11 13:47:21', NULL),
('295a0bcd-8523-4dd3-a053-befdddd7b0e1', '511d87f1-6471-11ec-9b63-00155e015604', '0b3f2323-6dd3-11ec-ac96-00155e015604', 'b8e30df1-6fd3-11ec-ac96-00155e015604', 'Aws', '2022-01-09 00:41:18', NULL),
('2ab60931-15ed-4c55-b199-c5e7a75972aa', '0b3f2323-6dd3-11ec-ac96-00155e015604', '511d87f1-6471-11ec-9b63-00155e015604', 'b8e30df1-6fd3-11ec-ac96-00155e015604', 'Adaàaaaa', '2022-01-09 00:41:44', NULL),
('2b1e935b-59fc-4ddc-b8c0-6d2685f35953', '511d87f1-6471-11ec-9b63-00155e015604', '0b3f2323-6dd3-11ec-ac96-00155e015604', 'b8e30df1-6fd3-11ec-ac96-00155e015604', 'Rt', '2022-01-09 00:55:08', NULL),
('2b6c30eb-044c-4b50-9712-45d749c78629', '511d87f1-6471-11ec-9b63-00155e015604', '48bd06af-729c-11ec-ac96-00155e015604', 'be9df228-de90-40d9-a111-347534be7719', 'Jjj', '2022-01-11 15:02:17', NULL),
('2bcec895-7f25-4b5f-bc0c-31130dfcdb2f', '0b3f2323-6dd3-11ec-ac96-00155e015604', '511d87f1-6471-11ec-9b63-00155e015604', 'b8e30df1-6fd3-11ec-ac96-00155e015604', '123456789', '2022-01-09 00:53:19', NULL),
('2cb5119e-d24e-4a40-a778-d507b8c566d5', '511d87f1-6471-11ec-9b63-00155e015604', '933508d9-71b9-11ec-ac96-00155e015604', 'bd253bd5-c25f-4ab9-8c4a-2d4d7e27afd0', 'Aaaaaaaaa', '2022-01-11 10:57:23', NULL),
('2d48aacb-f428-4ae8-a223-d0ef983b3cd0', 'b1b3bf9c-729c-11ec-ac96-00155e015604', '48bd06af-729c-11ec-ac96-00155e015604', '3ec25a1d-d27f-4251-ad1c-62a5e753e7c3', 'O', '2022-01-11 13:43:31', NULL),
('2e21dc6e-9790-4b42-86e4-59238f58c783', 'b1b3bf9c-729c-11ec-ac96-00155e015604', '48bd06af-729c-11ec-ac96-00155e015604', '3ec25a1d-d27f-4251-ad1c-62a5e753e7c3', 'Hello', '2022-01-11 13:15:20', NULL),
('31c71e65-2548-481c-a76c-038e046cd1f5', 'b1b3bf9c-729c-11ec-ac96-00155e015604', '48bd06af-729c-11ec-ac96-00155e015604', '3ec25a1d-d27f-4251-ad1c-62a5e753e7c3', 'chao BKHN', '2022-01-11 16:06:27', NULL),
('32f2d55c-ab7a-4b26-9a97-b2b47eb7aa71', '511d87f1-6471-11ec-9b63-00155e015604', '0b3f2323-6dd3-11ec-ac96-00155e015604', 'b8e30df1-6fd3-11ec-ac96-00155e015604', 'Test nhé okok!', '2022-01-08 03:36:20', NULL),
('379f9b50-5a50-483a-b7c7-9c5e5ee3cea7', 'b1b3bf9c-729c-11ec-ac96-00155e015604', '48bd06af-729c-11ec-ac96-00155e015604', '3ec25a1d-d27f-4251-ad1c-62a5e753e7c3', 'H', '2022-01-11 13:42:32', NULL),
('3839ce56-27b1-4693-a85e-7b48e6afd3b4', 'b1b3bf9c-729c-11ec-ac96-00155e015604', '48bd06af-729c-11ec-ac96-00155e015604', '3ec25a1d-d27f-4251-ad1c-62a5e753e7c3', 'Xin chao', '2022-01-11 12:11:16', NULL),
('383caeca-a276-401c-bd45-7261927d078e', '48bd06af-729c-11ec-ac96-00155e015604', 'b1b3bf9c-729c-11ec-ac96-00155e015604', '3ec25a1d-d27f-4251-ad1c-62a5e753e7c3', 'chao kinh te', '2022-01-11 16:06:38', NULL),
('386c1bc7-14af-45fe-b991-7e4e228ce4b5', '48bd06af-729c-11ec-ac96-00155e015604', 'b1b3bf9c-729c-11ec-ac96-00155e015604', '3ec25a1d-d27f-4251-ad1c-62a5e753e7c3', 'To LA bk', '2022-01-11 12:11:35', NULL),
('38b40ea6-d2f0-49c7-8d13-37f426c7863d', '48bd06af-729c-11ec-ac96-00155e015604', 'b1b3bf9c-729c-11ec-ac96-00155e015604', '3ec25a1d-d27f-4251-ad1c-62a5e753e7c3', 'Ddd', '2022-01-11 14:05:39', NULL),
('39dc7419-fd35-4bd2-b302-2f548ea38305', '48bd06af-729c-11ec-ac96-00155e015604', 'b1b3bf9c-729c-11ec-ac96-00155e015604', '3ec25a1d-d27f-4251-ad1c-62a5e753e7c3', 'Chao', '2022-01-11 14:41:11', NULL),
('39e809f7-954a-4724-b3e9-501f4aee7c01', 'b1b3bf9c-729c-11ec-ac96-00155e015604', '48bd06af-729c-11ec-ac96-00155e015604', '3ec25a1d-d27f-4251-ad1c-62a5e753e7c3', 'Chao bh', '2022-01-11 14:40:54', NULL),
('3a9928c3-acc3-4fc5-91cd-b191c732977f', '511d87f1-6471-11ec-9b63-00155e015604', '9b3580d3-7086-11ec-ac96-00155e015604', '598673ac-d3ca-47e4-890d-8ec3b3dac440', 'xiloxilao', '2022-01-11 12:23:20', NULL),
('3a9f2428-9eec-4ba8-baf3-f05bd61aa752', 'b1b3bf9c-729c-11ec-ac96-00155e015604', '48bd06af-729c-11ec-ac96-00155e015604', '3ec25a1d-d27f-4251-ad1c-62a5e753e7c3', 'O', '2022-01-11 14:53:05', NULL),
('3afc8f82-d367-491d-8837-23d439ac2d8f', '511d87f1-6471-11ec-9b63-00155e015604', '0b3f2323-6dd3-11ec-ac96-00155e015604', 'b8e30df1-6fd3-11ec-ac96-00155e015604', 'test tests test', '2022-01-09 23:04:33', NULL),
('3baadde7-250d-4b52-8368-40a4b4ff0ceb', '511d87f1-6471-11ec-9b63-00155e015604', '0b3f2323-6dd3-11ec-ac96-00155e015604', 'b8e30df1-6fd3-11ec-ac96-00155e015604', 'Sss', '2022-01-09 03:05:28', NULL),
('3c3b0172-a5b1-412d-8160-2078f76b835f', 'b1b3bf9c-729c-11ec-ac96-00155e015604', '48bd06af-729c-11ec-ac96-00155e015604', '3ec25a1d-d27f-4251-ad1c-62a5e753e7c3', 'Ooo', '2022-01-11 13:29:49', NULL),
('3e37e0f5-9133-4d9b-ab0e-3018d3379126', '0b3f2323-6dd3-11ec-ac96-00155e015604', '511d87f1-6471-11ec-9b63-00155e015604', 'b8e30df1-6fd3-11ec-ac96-00155e015604', 'A', '2022-01-09 00:48:53', NULL),
('3ee5a1f2-c8aa-481d-9e6c-da3dc05c4b9a', '511d87f1-6471-11ec-9b63-00155e015604', '0b3f2323-6dd3-11ec-ac96-00155e015604', 'b8e30df1-6fd3-11ec-ac96-00155e015604', 'Uuuu', '2022-01-09 03:01:47', NULL),
('408b8657-23ca-4e77-b895-62d6a7ec3639', 'b1b3bf9c-729c-11ec-ac96-00155e015604', '48bd06af-729c-11ec-ac96-00155e015604', '3ec25a1d-d27f-4251-ad1c-62a5e753e7c3', 'X', '2022-01-11 14:51:48', NULL),
('449b2511-afa8-4665-938d-ee2803990ea4', '0b3f2323-6dd3-11ec-ac96-00155e015604', '511d87f1-6471-11ec-9b63-00155e015604', 'b8e30df1-6fd3-11ec-ac96-00155e015604', 'Bk', '2022-01-09 00:06:36', NULL),
('463a9fc2-6d89-4ca2-8ecb-3d60091a39a2', 'b1b3bf9c-729c-11ec-ac96-00155e015604', '2fa7fbd8-6dd3-11ec-ac96-00155e015604', '39607f35-66e1-4307-88f8-688169c9c439', 'cheo duc', '2022-01-11 14:40:33', NULL),
('46ade83d-21c8-485e-86a4-3a848f6db909', '933508d9-71b9-11ec-ac96-00155e015604', '9b3580d3-7086-11ec-ac96-00155e015604', '56b6ca39-f63a-4a5d-b8d3-65e736bb8af5', 'Chao ban', '2022-01-11 15:48:42', NULL),
('47d685ca-39ce-45a7-82e0-ecbd8ae7fb31', 'b1b3bf9c-729c-11ec-ac96-00155e015604', '48bd06af-729c-11ec-ac96-00155e015604', '3ec25a1d-d27f-4251-ad1c-62a5e753e7c3', 'J', '2022-01-11 14:52:10', NULL),
('484f78bc-3df5-41ba-a62b-6ac8119f1dfe', 'b1b3bf9c-729c-11ec-ac96-00155e015604', '48bd06af-729c-11ec-ac96-00155e015604', '3ec25a1d-d27f-4251-ad1c-62a5e753e7c3', 'H', '2022-01-11 14:55:38', NULL),
('48e798fa-6723-488b-803e-7cbdfccd58c7', '48bd06af-729c-11ec-ac96-00155e015604', 'b1b3bf9c-729c-11ec-ac96-00155e015604', '3ec25a1d-d27f-4251-ad1c-62a5e753e7c3', 'Vvvvv', '2022-01-11 16:22:11', NULL),
('48ef0c2c-3d30-47c4-bff4-cb475d73dba8', '0b3f2323-6dd3-11ec-ac96-00155e015604', '511d87f1-6471-11ec-9b63-00155e015604', 'b8e30df1-6fd3-11ec-ac96-00155e015604', 'aye', '2022-01-09 00:03:16', NULL),
('4901e08f-f150-4f52-9408-3168e8c8ecf9', 'b1b3bf9c-729c-11ec-ac96-00155e015604', '48bd06af-729c-11ec-ac96-00155e015604', '3ec25a1d-d27f-4251-ad1c-62a5e753e7c3', 'Rrrr', '2022-01-11 14:56:03', NULL),
('4c439a9d-e3ac-4eb4-b38d-6afd1823f874', '511d87f1-6471-11ec-9b63-00155e015604', '48bd06af-729c-11ec-ac96-00155e015604', 'be9df228-de90-40d9-a111-347534be7719', 'Kkkk', '2022-01-11 15:02:08', NULL),
('4e6c50e5-ca81-4721-a7a4-e435054b5694', 'b1b3bf9c-729c-11ec-ac96-00155e015604', '48bd06af-729c-11ec-ac96-00155e015604', '3ec25a1d-d27f-4251-ad1c-62a5e753e7c3', 'L', '2022-01-11 14:55:53', NULL),
('4f1afc08-6546-4f97-afa6-0817b3df6e13', '933508d9-71b9-11ec-ac96-00155e015604', '9b3580d3-7086-11ec-ac96-00155e015604', '56b6ca39-f63a-4a5d-b8d3-65e736bb8af5', '?', '2022-01-11 15:49:49', NULL),
('4f200d2f-453a-4186-906f-eda61a2acc6d', 'b1b3bf9c-729c-11ec-ac96-00155e015604', '48bd06af-729c-11ec-ac96-00155e015604', '3ec25a1d-d27f-4251-ad1c-62a5e753e7c3', 'U', '2022-01-11 13:36:57', NULL),
('4f888ddd-bc3b-4d04-a59c-54d7d9db6f46', '933508d9-71b9-11ec-ac96-00155e015604', '511d87f1-6471-11ec-9b63-00155e015604', 'bd253bd5-c25f-4ab9-8c4a-2d4d7e27afd0', '123', '2022-01-10 19:48:31', NULL),
('4fff7860-bd2f-45d8-bc50-aa5d55f4c50e', '48bd06af-729c-11ec-ac96-00155e015604', 'b1b3bf9c-729c-11ec-ac96-00155e015604', '3ec25a1d-d27f-4251-ad1c-62a5e753e7c3', 'Qqqqq', '2022-01-11 15:00:09', NULL),
('5077bf13-a58f-410e-bd65-4353e9a2cbb4', 'b1b3bf9c-729c-11ec-ac96-00155e015604', '48bd06af-729c-11ec-ac96-00155e015604', '3ec25a1d-d27f-4251-ad1c-62a5e753e7c3', 'Y', '2022-01-11 13:47:02', NULL),
('5261051a-105c-433e-9d8b-f296b80e6e6b', '0b3f2323-6dd3-11ec-ac96-00155e015604', '511d87f1-6471-11ec-9b63-00155e015604', 'b8e30df1-6fd3-11ec-ac96-00155e015604', 'Er', '2022-01-09 00:54:56', NULL),
('5560098c-e736-4243-881a-337ae8e07fa8', 'b1b3bf9c-729c-11ec-ac96-00155e015604', '48bd06af-729c-11ec-ac96-00155e015604', '3ec25a1d-d27f-4251-ad1c-62a5e753e7c3', 'Yyyy', '2022-01-11 13:29:44', NULL),
('59340ed7-3f0f-4559-9f70-abff392db88b', '511d87f1-6471-11ec-9b63-00155e015604', '0b3f2323-6dd3-11ec-ac96-00155e015604', 'b8e30df1-6fd3-11ec-ac96-00155e015604', 'Oooii', '2022-01-09 03:01:29', NULL),
('5986b776-c97f-46fc-afdc-bf2c4696eba5', '511d87f1-6471-11ec-9b63-00155e015604', '933508d9-71b9-11ec-ac96-00155e015604', 'bd253bd5-c25f-4ab9-8c4a-2d4d7e27afd0', 'aloxo', '2022-01-11 12:22:45', NULL),
('5fb92fe5-c71a-44c8-9a93-2ed4e7c14f1c', '0b3f2323-6dd3-11ec-ac96-00155e015604', '511d87f1-6471-11ec-9b63-00155e015604', 'b8e30df1-6fd3-11ec-ac96-00155e015604', 'Qww', '2022-01-09 00:45:29', NULL),
('601c139d-c5ce-4d8a-a9e9-7448773e716a', '511d87f1-6471-11ec-9b63-00155e015604', '9b3580d3-7086-11ec-ac96-00155e015604', '598673ac-d3ca-47e4-890d-8ec3b3dac440', 'alo alo', '2022-01-10 16:52:35', NULL),
('60bd0b8f-1081-4b7d-9138-0f4a61673b37', '511d87f1-6471-11ec-9b63-00155e015604', '0b3f2323-6dd3-11ec-ac96-00155e015604', 'b8e30df1-6fd3-11ec-ac96-00155e015604', 'Test nhé okok!', '2022-01-08 07:42:45', NULL),
('6457d3e8-afe6-4275-912d-51c1f9452e5a', '511d87f1-6471-11ec-9b63-00155e015604', '0b3f2323-6dd3-11ec-ac96-00155e015604', 'b8e30df1-6fd3-11ec-ac96-00155e015604', 'Xxxxxx', '2022-01-09 03:01:10', NULL),
('6541b845-3c14-4ed2-8fe8-3630e51a9ee3', 'b1b3bf9c-729c-11ec-ac96-00155e015604', '48bd06af-729c-11ec-ac96-00155e015604', '3ec25a1d-d27f-4251-ad1c-62a5e753e7c3', 'H', '2022-01-11 14:48:37', NULL),
('654e5af0-1231-438d-a1bf-39b1e1db0d4a', 'b1b3bf9c-729c-11ec-ac96-00155e015604', '48bd06af-729c-11ec-ac96-00155e015604', '3ec25a1d-d27f-4251-ad1c-62a5e753e7c3', 'Q', '2022-01-11 13:57:49', NULL),
('65b55254-5d77-4eb4-b635-325b4c39f1f3', '0b3f2323-6dd3-11ec-ac96-00155e015604', '0b3f2323-6dd3-11ec-ac96-00155e015604', 'b8e30df1-6fd3-11ec-ac96-00155e015604', 'Test nhé okok!', '2022-01-08 18:11:03', NULL),
('65e1f849-f817-44a1-bafa-3c8b4f4361a8', '0b3f2323-6dd3-11ec-ac96-00155e015604', '0b3f2323-6dd3-11ec-ac96-00155e015604', 'b8e30df1-6fd3-11ec-ac96-00155e015604', 'Test nhé okok!', '2022-01-08 23:43:17', NULL),
('67f1aa19-d106-4db7-acb6-ceabe2d59373', '0b3f2323-6dd3-11ec-ac96-00155e015604', '511d87f1-6471-11ec-9b63-00155e015604', 'b8e30df1-6fd3-11ec-ac96-00155e015604', '11111111', '2022-01-09 00:44:06', NULL),
('68c532cf-0aa6-4963-9704-f12326e96861', 'b1b3bf9c-729c-11ec-ac96-00155e015604', '48bd06af-729c-11ec-ac96-00155e015604', '3ec25a1d-d27f-4251-ad1c-62a5e753e7c3', 'P', '2022-01-11 14:55:43', NULL),
('6bf239a8-337f-466c-bacd-c52ee936c89e', '933508d9-71b9-11ec-ac96-00155e015604', '9b3580d3-7086-11ec-ac96-00155e015604', '56b6ca39-f63a-4a5d-b8d3-65e736bb8af5', 'Chuc ban name moi vuivve', '2022-01-11 15:49:02', NULL),
('6e444689-ea6d-4daa-aa36-16841fab7641', 'b1b3bf9c-729c-11ec-ac96-00155e015604', '48bd06af-729c-11ec-ac96-00155e015604', '3ec25a1d-d27f-4251-ad1c-62a5e753e7c3', 'O', '2022-01-11 14:47:01', NULL),
('7059d5ae-61a4-4bd1-98a7-e92f8ab43aec', '511d87f1-6471-11ec-9b63-00155e015604', 'd1f490df-6dd3-11ec-ac96-00155e015604', '44f55671-ecd8-44e7-8df0-ac43b7cc859d', 'ok', '2022-01-11 12:23:50', NULL),
('70923e0c-0bb1-490b-9969-64abf80bcea9', '511d87f1-6471-11ec-9b63-00155e015604', '0b3f2323-6dd3-11ec-ac96-00155e015604', 'b8e30df1-6fd3-11ec-ac96-00155e015604', 'Test nhé okok!', '2022-01-08 02:20:33', NULL),
('7246aa9e-880c-4163-9b7b-306ff238d796', '0b3f2323-6dd3-11ec-ac96-00155e015604', '511d87f1-6471-11ec-9b63-00155e015604', 'b8e30df1-6fd3-11ec-ac96-00155e015604', 'Ddd', '2022-01-09 03:05:35', NULL),
('766a91dc-f027-4603-8888-7956d248a450', 'b1b3bf9c-729c-11ec-ac96-00155e015604', '48bd06af-729c-11ec-ac96-00155e015604', '3ec25a1d-d27f-4251-ad1c-62a5e753e7c3', 'To nef', '2022-01-11 13:16:12', NULL),
('76c883c9-eb71-44ad-b092-b6ee8789edac', '511d87f1-6471-11ec-9b63-00155e015604', '0b3f2323-6dd3-11ec-ac96-00155e015604', 'f7321223-ea70-4204-b3f5-2583dd3014fe', 'Aaaaaaa', '2022-01-11 10:56:21', NULL),
('76ed4405-766e-4430-9277-7a2ca71cf0cb', '511d87f1-6471-11ec-9b63-00155e015604', '0b3f2323-6dd3-11ec-ac96-00155e015604', 'b8e30df1-6fd3-11ec-ac96-00155e015604', 'Ttttt', '2022-01-09 03:06:04', NULL),
('782430c0-dcf6-40f1-a7a9-429007a0a017', '0b3f2323-6dd3-11ec-ac96-00155e015604', '511d87f1-6471-11ec-9b63-00155e015604', 'b8e30df1-6fd3-11ec-ac96-00155e015604', 'Aer', '2022-01-09 00:18:44', NULL),
('79ae3cbb-4189-4fc1-b401-56cc82f5969d', 'b1b3bf9c-729c-11ec-ac96-00155e015604', '48bd06af-729c-11ec-ac96-00155e015604', '3ec25a1d-d27f-4251-ad1c-62a5e753e7c3', 'Thhuhhu', '2022-01-11 16:22:25', NULL),
('7aed0f15-8170-4135-8ae0-bb45c598f66b', '511d87f1-6471-11ec-9b63-00155e015604', '0b3f2323-6dd3-11ec-ac96-00155e015604', 'b8e30df1-6fd3-11ec-ac96-00155e015604', 'Pppp', '2022-01-09 00:54:29', NULL),
('7b224a19-92d3-4cf0-b038-dba03b1b9959', 'b1b3bf9c-729c-11ec-ac96-00155e015604', '48bd06af-729c-11ec-ac96-00155e015604', '3ec25a1d-d27f-4251-ad1c-62a5e753e7c3', 'M', '2022-01-11 14:00:56', NULL),
('7bdd8cd2-3a73-4796-a16d-9f1b849aadcc', '0b3f2323-6dd3-11ec-ac96-00155e015604', '511d87f1-6471-11ec-9b63-00155e015604', 'b8e30df1-6fd3-11ec-ac96-00155e015604', '222222', '2022-01-09 00:44:31', NULL),
('7be6cb75-9931-415e-9139-cbb9ddf22ba4', '511d87f1-6471-11ec-9b63-00155e015604', '48bd06af-729c-11ec-ac96-00155e015604', 'be9df228-de90-40d9-a111-347534be7719', 'Hello', '2022-01-11 15:01:51', NULL),
('7d0bd365-a61d-4572-b42c-fe3e26b02c0b', 'b1b3bf9c-729c-11ec-ac96-00155e015604', '48bd06af-729c-11ec-ac96-00155e015604', '3ec25a1d-d27f-4251-ad1c-62a5e753e7c3', 'Y', '2022-01-11 13:37:00', NULL),
('7fd2181e-9ddd-4c83-885a-25af9473ad22', 'b1b3bf9c-729c-11ec-ac96-00155e015604', '48bd06af-729c-11ec-ac96-00155e015604', '3ec25a1d-d27f-4251-ad1c-62a5e753e7c3', 'Yy', '2022-01-11 14:42:26', NULL),
('80dd3b6f-dc56-4efb-87e1-14cdb32aa809', 'd1f490df-6dd3-11ec-ac96-00155e015604', '511d87f1-6471-11ec-9b63-00155e015604', '44f55671-ecd8-44e7-8df0-ac43b7cc859d', 'A', '2022-01-09 04:48:44', NULL),
('8310f38a-9982-4ee8-9178-67386a05474f', '0b3f2323-6dd3-11ec-ac96-00155e015604', '511d87f1-6471-11ec-9b63-00155e015604', 'b8e30df1-6fd3-11ec-ac96-00155e015604', 'Yy', '2022-01-09 00:47:00', NULL),
('83594477-4a7d-49db-9fa6-833525bfe1cc', 'b1b3bf9c-729c-11ec-ac96-00155e015604', '48bd06af-729c-11ec-ac96-00155e015604', '3ec25a1d-d27f-4251-ad1c-62a5e753e7c3', 'Rrrrr', '2022-01-11 13:29:33', NULL),
('869c69ca-b843-43e4-9122-b3272eed2ebe', '933508d9-71b9-11ec-ac96-00155e015604', '9b3580d3-7086-11ec-ac96-00155e015604', '56b6ca39-f63a-4a5d-b8d3-65e736bb8af5', 'Oki oki', '2022-01-11 15:49:44', NULL),
('87b04929-5956-4053-b45e-50a624acfe5b', '0b3f2323-6dd3-11ec-ac96-00155e015604', '511d87f1-6471-11ec-9b63-00155e015604', 'b8e30df1-6fd3-11ec-ac96-00155e015604', 'We', '2022-01-09 00:54:51', NULL),
('87e3820c-abde-42e6-a407-098c223424fb', 'b1b3bf9c-729c-11ec-ac96-00155e015604', '48bd06af-729c-11ec-ac96-00155e015604', '3ec25a1d-d27f-4251-ad1c-62a5e753e7c3', 'Y', '2022-01-11 13:40:37', NULL),
('8a43c38f-e59b-44dc-881e-0a80d7f2145c', '0b3f2323-6dd3-11ec-ac96-00155e015604', '511d87f1-6471-11ec-9b63-00155e015604', 'b8e30df1-6fd3-11ec-ac96-00155e015604', 'q', '2022-01-09 00:31:09', NULL),
('8abb95b5-5626-4f0a-bd55-1e83b6beed64', 'b1b3bf9c-729c-11ec-ac96-00155e015604', '48bd06af-729c-11ec-ac96-00155e015604', '3ec25a1d-d27f-4251-ad1c-62a5e753e7c3', 'Uuu', '2022-01-11 14:42:41', NULL),
('8f641125-7729-41bf-b0db-72fbe57cbc3c', '0b3f2323-6dd3-11ec-ac96-00155e015604', '511d87f1-6471-11ec-9b63-00155e015604', 'b8e30df1-6fd3-11ec-ac96-00155e015604', 'Rrr', '2022-01-09 00:45:35', NULL),
('8f9a129c-987c-4b49-ae52-991d65eece4e', '511d87f1-6471-11ec-9b63-00155e015604', '0b3f2323-6dd3-11ec-ac96-00155e015604', 'b8e30df1-6fd3-11ec-ac96-00155e015604', 'Test nhé okok!', '2022-01-07 19:03:27', NULL),
('90e13a2c-c0f0-4eac-8c17-eba25b5d27e2', 'b1b3bf9c-729c-11ec-ac96-00155e015604', '48bd06af-729c-11ec-ac96-00155e015604', '3ec25a1d-d27f-4251-ad1c-62a5e753e7c3', 'To la kt', '2022-01-11 12:11:26', NULL),
('92ac4e80-7960-4f6d-9165-c76e4cc770b7', '0b3f2323-6dd3-11ec-ac96-00155e015604', '511d87f1-6471-11ec-9b63-00155e015604', 'b8e30df1-6fd3-11ec-ac96-00155e015604', '1234561', '2022-01-09 02:59:21', NULL),
('934785d9-91dd-40b6-abbc-4e8d7fcc8dde', '511d87f1-6471-11ec-9b63-00155e015604', '0b3f2323-6dd3-11ec-ac96-00155e015604', 'b8e30df1-6fd3-11ec-ac96-00155e015604', '12345', '2022-01-09 00:54:02', NULL),
('94255761-8cfe-4685-9461-0e093afd0379', 'b1b3bf9c-729c-11ec-ac96-00155e015604', '48bd06af-729c-11ec-ac96-00155e015604', '3ec25a1d-d27f-4251-ad1c-62a5e753e7c3', 'D', '2022-01-11 13:42:25', NULL),
('95e955c5-6d72-4e42-8107-633574168124', 'b1b3bf9c-729c-11ec-ac96-00155e015604', '48bd06af-729c-11ec-ac96-00155e015604', '3ec25a1d-d27f-4251-ad1c-62a5e753e7c3', 'U', '2022-01-11 14:54:55', NULL),
('993505ed-40c8-48e2-9234-d7147c395406', '48bd06af-729c-11ec-ac96-00155e015604', 'b1b3bf9c-729c-11ec-ac96-00155e015604', '3ec25a1d-d27f-4251-ad1c-62a5e753e7c3', ':)', '2022-01-11 16:13:34', NULL),
('99718043-09e3-4412-b829-507ea58dff9a', '0b3f2323-6dd3-11ec-ac96-00155e015604', '511d87f1-6471-11ec-9b63-00155e015604', 'b8e30df1-6fd3-11ec-ac96-00155e015604', 'Tu', '2022-01-09 00:56:05', NULL),
('9be41cc3-94c8-4b1d-9762-9622e753d294', '511d87f1-6471-11ec-9b63-00155e015604', '0b3f2323-6dd3-11ec-ac96-00155e015604', 'b8e30df1-6fd3-11ec-ac96-00155e015604', 'Zzzzz', '2022-01-09 03:05:23', NULL),
('9d9170db-b79d-4305-9cf7-6ceed7208d16', 'b1b3bf9c-729c-11ec-ac96-00155e015604', '48bd06af-729c-11ec-ac96-00155e015604', '3ec25a1d-d27f-4251-ad1c-62a5e753e7c3', 'U', '2022-01-11 13:32:21', NULL),
('a3f89cd7-461b-4630-a1fd-e93d7b89e1af', 'b1b3bf9c-729c-11ec-ac96-00155e015604', '48bd06af-729c-11ec-ac96-00155e015604', '3ec25a1d-d27f-4251-ad1c-62a5e753e7c3', 'L', '2022-01-11 14:47:14', NULL),
('a469cef5-51f6-4ea7-83aa-4a11b9d8b119', '511d87f1-6471-11ec-9b63-00155e015604', '0b3f2323-6dd3-11ec-ac96-00155e015604', 'b8e30df1-6fd3-11ec-ac96-00155e015604', 'Dddddddddddddd', '2022-01-09 05:17:39', NULL),
('a59fd5c5-58c4-471c-9b51-18aa81428d09', '511d87f1-6471-11ec-9b63-00155e015604', '0b3f2323-6dd3-11ec-ac96-00155e015604', 'b8e30df1-6fd3-11ec-ac96-00155e015604', 'Test nhé okok!', '2022-01-08 02:13:40', NULL),
('a7da05ba-f589-42fe-8acb-04dd84863e87', '0b3f2323-6dd3-11ec-ac96-00155e015604', '511d87f1-6471-11ec-9b63-00155e015604', 'b8e30df1-6fd3-11ec-ac96-00155e015604', 'Q', '2022-01-09 00:06:59', NULL),
('a8ff75f6-8841-432a-99b4-1a67d5a95735', 'b1b3bf9c-729c-11ec-ac96-00155e015604', '48bd06af-729c-11ec-ac96-00155e015604', '3ec25a1d-d27f-4251-ad1c-62a5e753e7c3', 'Ghhh', '2022-01-11 13:29:54', NULL),
('a93c0d47-bdf7-4584-8cc0-cc1fc59e0631', 'd1f490df-6dd3-11ec-ac96-00155e015604', '511d87f1-6471-11ec-9b63-00155e015604', '44f55671-ecd8-44e7-8df0-ac43b7cc859d', 'xin Chao 1', '2022-01-09 05:14:35', NULL),
('a966735f-8eef-4f0b-a0a9-e713c1a29d4f', 'b1b3bf9c-729c-11ec-ac96-00155e015604', '48bd06af-729c-11ec-ac96-00155e015604', '3ec25a1d-d27f-4251-ad1c-62a5e753e7c3', 'Oooo', '2022-01-11 13:37:04', NULL),
('ab97b148-4b50-48cd-ae29-b6b202c5a912', '511d87f1-6471-11ec-9b63-00155e015604', '0b3f2323-6dd3-11ec-ac96-00155e015604', 'b8e30df1-6fd3-11ec-ac96-00155e015604', 'Ii', '2022-01-09 00:56:01', NULL),
('ae475182-1c61-464f-bd54-1fdf9ce2e202', 'b1b3bf9c-729c-11ec-ac96-00155e015604', '48bd06af-729c-11ec-ac96-00155e015604', '3ec25a1d-d27f-4251-ad1c-62a5e753e7c3', 'M', '2022-01-11 13:42:39', NULL),
('ae9ec360-d4bc-40f0-9d2a-0872bff784f7', 'b1b3bf9c-729c-11ec-ac96-00155e015604', '48bd06af-729c-11ec-ac96-00155e015604', '3ec25a1d-d27f-4251-ad1c-62a5e753e7c3', 'S', '2022-01-11 13:32:14', NULL),
('aebefe19-40cf-4b33-993d-96afa292c564', 'b1b3bf9c-729c-11ec-ac96-00155e015604', '48bd06af-729c-11ec-ac96-00155e015604', '3ec25a1d-d27f-4251-ad1c-62a5e753e7c3', 'Hhhh', '2022-01-11 13:40:59', NULL),
('afe592a3-f05c-4796-ae8c-017f19675ce8', 'b1b3bf9c-729c-11ec-ac96-00155e015604', '48bd06af-729c-11ec-ac96-00155e015604', '3ec25a1d-d27f-4251-ad1c-62a5e753e7c3', 'U', '2022-01-11 13:42:47', NULL),
('b00baa40-6bff-4757-adad-db05c7876f9a', 'b1b3bf9c-729c-11ec-ac96-00155e015604', '48bd06af-729c-11ec-ac96-00155e015604', '3ec25a1d-d27f-4251-ad1c-62a5e753e7c3', 'O', '2022-01-11 14:57:09', NULL),
('b55fac87-1c2f-43cb-8f2e-fb5d140e9dc3', '933508d9-71b9-11ec-ac96-00155e015604', '9b3580d3-7086-11ec-ac96-00155e015604', '56b6ca39-f63a-4a5d-b8d3-65e736bb8af5', '?', '2022-01-11 15:52:03', NULL),
('b59c53ea-01f2-4964-80e7-7a928c908049', 'b1b3bf9c-729c-11ec-ac96-00155e015604', '48bd06af-729c-11ec-ac96-00155e015604', '3ec25a1d-d27f-4251-ad1c-62a5e753e7c3', 'Y', '2022-01-11 13:34:19', NULL),
('b64c7d9a-8d06-474a-a91f-0bd54a1143f3', 'b1b3bf9c-729c-11ec-ac96-00155e015604', '48bd06af-729c-11ec-ac96-00155e015604', '3ec25a1d-d27f-4251-ad1c-62a5e753e7c3', 'Oo9ooo', '2022-01-11 13:56:24', NULL),
('b6766c25-3f26-4e05-afcb-91aa8a8ff3f1', 'b1b3bf9c-729c-11ec-ac96-00155e015604', '48bd06af-729c-11ec-ac96-00155e015604', '3ec25a1d-d27f-4251-ad1c-62a5e753e7c3', 'Ttttt', '2022-01-11 14:00:23', NULL),
('b71fe983-076a-4ea1-bd92-271627c3e999', 'b1b3bf9c-729c-11ec-ac96-00155e015604', '48bd06af-729c-11ec-ac96-00155e015604', '3ec25a1d-d27f-4251-ad1c-62a5e753e7c3', 'Aaa', '2022-01-11 13:16:57', NULL),
('b9985a9c-80f1-48b9-a48f-77ca644d7e60', '511d87f1-6471-11ec-9b63-00155e015604', '0b3f2323-6dd3-11ec-ac96-00155e015604', 'b8e30df1-6fd3-11ec-ac96-00155e015604', 'test', '2022-01-09 07:49:09', NULL),
('ba10420e-95a1-4efe-a248-67dc0f914370', 'b1b3bf9c-729c-11ec-ac96-00155e015604', '48bd06af-729c-11ec-ac96-00155e015604', '3ec25a1d-d27f-4251-ad1c-62a5e753e7c3', 'Y', '2022-01-11 13:33:10', NULL),
('bba1d816-5952-4529-99f7-f9dc5838ca5b', '511d87f1-6471-11ec-9b63-00155e015604', '0b3f2323-6dd3-11ec-ac96-00155e015604', 'b8e30df1-6fd3-11ec-ac96-00155e015604', 'Test nhé okok!', '2022-01-07 09:01:42', NULL),
('bd3bab9c-1650-44f2-b3c7-0d939a403964', 'b1b3bf9c-729c-11ec-ac96-00155e015604', '48bd06af-729c-11ec-ac96-00155e015604', '3ec25a1d-d27f-4251-ad1c-62a5e753e7c3', 'H', '2022-01-11 14:52:45', NULL),
('be9e4345-1396-400e-9b48-f51c98d7c977', '511d87f1-6471-11ec-9b63-00155e015604', '0b3f2323-6dd3-11ec-ac96-00155e015604', 'b8e30df1-6fd3-11ec-ac96-00155e015604', 'Test nhé okok!', '2022-01-08 03:07:47', NULL),
('c0d4c2a1-5dd5-4639-8446-58fac7c0f233', 'b1b3bf9c-729c-11ec-ac96-00155e015604', '48bd06af-729c-11ec-ac96-00155e015604', '3ec25a1d-d27f-4251-ad1c-62a5e753e7c3', 'Ttttt', '2022-01-11 16:22:16', NULL),
('c252fcda-a1a0-4a91-a0d5-c694c419dbf1', '0b3f2323-6dd3-11ec-ac96-00155e015604', '511d87f1-6471-11ec-9b63-00155e015604', 'b8e30df1-6fd3-11ec-ac96-00155e015604', 'We', '2022-01-09 00:35:20', NULL),
('c385dfc0-fec9-44ad-ab8f-7ec82d9e6110', '511d87f1-6471-11ec-9b63-00155e015604', '2fa7fbd8-6dd3-11ec-ac96-00155e015604', '2057b06a-c5cb-4cff-a7a0-ead78ddff7c9', 'dfggg', '2022-01-11 12:24:02', NULL),
('c40d1896-2e03-4345-bcdb-6e728ef8aada', '0b3f2323-6dd3-11ec-ac96-00155e015604', '511d87f1-6471-11ec-9b63-00155e015604', 'b8e30df1-6fd3-11ec-ac96-00155e015604', 'Dang huynh duc', '2022-01-09 00:56:31', NULL),
('c4ae3ace-fdc3-4845-837e-febcfe7f36a8', '511d87f1-6471-11ec-9b63-00155e015604', '0b3f2323-6dd3-11ec-ac96-00155e015604', 'b8e30df1-6fd3-11ec-ac96-00155e015604', 'Test nhé okok!', '2022-01-07 09:00:08', NULL),
('c7f3def8-7d54-48c1-a11e-5dcf7ab2b7fd', '511d87f1-6471-11ec-9b63-00155e015604', '4cc19393-6dd3-11ec-ac96-00155e015604', '29508b9a-dabe-4f17-8ee3-ac27cc0c577d', 'also XO', '2022-01-11 12:22:32', NULL),
('c7ff39fd-db09-4a98-b383-1c332857d171', '0b3f2323-6dd3-11ec-ac96-00155e015604', '511d87f1-6471-11ec-9b63-00155e015604', 'b8e30df1-6fd3-11ec-ac96-00155e015604', 'A', '2022-01-09 00:34:08', NULL),
('c857ff7b-3f6c-47d2-bbbd-7557cb8820af', 'b1b3bf9c-729c-11ec-ac96-00155e015604', '48bd06af-729c-11ec-ac96-00155e015604', '3ec25a1d-d27f-4251-ad1c-62a5e753e7c3', 'Iiii', '2022-01-11 13:56:50', NULL),
('c954865d-5e62-4978-8abc-796575907f8f', 'b1b3bf9c-729c-11ec-ac96-00155e015604', '48bd06af-729c-11ec-ac96-00155e015604', '3ec25a1d-d27f-4251-ad1c-62a5e753e7c3', 'Yyy', '2022-01-11 13:41:39', NULL),
('ca40651e-0998-407c-ada0-e10839397d28', '511d87f1-6471-11ec-9b63-00155e015604', '0b3f2323-6dd3-11ec-ac96-00155e015604', 'b8e30df1-6fd3-11ec-ac96-00155e015604', 'Ui', '2022-01-09 00:55:14', NULL),
('cb0cc5a0-c51c-4726-830e-8a392aa29a4f', '511d87f1-6471-11ec-9b63-00155e015604', '0b3f2323-6dd3-11ec-ac96-00155e015604', 'b8e30df1-6fd3-11ec-ac96-00155e015604', 'Cc', '2022-01-09 03:02:13', NULL),
('cb78a2c6-dec7-4b3b-ac21-c9061c66232d', 'b1b3bf9c-729c-11ec-ac96-00155e015604', '48bd06af-729c-11ec-ac96-00155e015604', '3ec25a1d-d27f-4251-ad1c-62a5e753e7c3', 'E', '2022-01-11 13:40:33', NULL),
('d1156570-6219-427a-8f18-069f55decaa2', '0b3f2323-6dd3-11ec-ac96-00155e015604', '0b3f2323-6dd3-11ec-ac96-00155e015604', '45aab81c-e32a-4d47-91ce-5f84a9e0ed7e', 'Xcccccc', '2022-01-11 10:54:43', NULL),
('d1fd8eaa-6b6f-4cab-979f-b0dae198d889', 'b1b3bf9c-729c-11ec-ac96-00155e015604', '48bd06af-729c-11ec-ac96-00155e015604', '3ec25a1d-d27f-4251-ad1c-62a5e753e7c3', 'P', '2022-01-11 14:52:28', NULL),
('d2a3c378-fa94-4976-8dd4-e21dc622b32f', 'b1b3bf9c-729c-11ec-ac96-00155e015604', '48bd06af-729c-11ec-ac96-00155e015604', '3ec25a1d-d27f-4251-ad1c-62a5e753e7c3', 'O', '2022-01-11 13:32:19', NULL),
('d37191e1-95b4-491e-aa37-3d78da49dc7b', 'b1b3bf9c-729c-11ec-ac96-00155e015604', '0b3f2323-6dd3-11ec-ac96-00155e015604', '6da4e3c6-15e1-4e1b-b420-09d43f840e1f', 'Addddd', '2022-01-11 16:12:15', NULL),
('d6bdae0a-c9d7-4091-b625-c25db53f06b7', '511d87f1-6471-11ec-9b63-00155e015604', 'd1f490df-6dd3-11ec-ac96-00155e015604', '44f55671-ecd8-44e7-8df0-ac43b7cc859d', 'yeu', '2022-01-11 10:57:51', NULL),
('d7002cc6-b912-49ea-b5c2-56e296e6b0f9', 'b1b3bf9c-729c-11ec-ac96-00155e015604', '48bd06af-729c-11ec-ac96-00155e015604', '3ec25a1d-d27f-4251-ad1c-62a5e753e7c3', 'D', '2022-01-11 13:41:25', NULL),
('d7212b40-9a5e-4bcf-8167-556585ef7558', 'b1b3bf9c-729c-11ec-ac96-00155e015604', '48bd06af-729c-11ec-ac96-00155e015604', '3ec25a1d-d27f-4251-ad1c-62a5e753e7c3', 'Love', '2022-01-11 14:57:51', NULL),
('d73968ea-0536-4bee-b11f-18cbfb6e19a6', '0b3f2323-6dd3-11ec-ac96-00155e015604', '511d87f1-6471-11ec-9b63-00155e015604', 'b8e30df1-6fd3-11ec-ac96-00155e015604', 'Ty', '2022-01-09 00:38:56', NULL),
('d91ce27d-4b3a-48b0-958d-bc592f97f7f8', 'b1b3bf9c-729c-11ec-ac96-00155e015604', '48bd06af-729c-11ec-ac96-00155e015604', '3ec25a1d-d27f-4251-ad1c-62a5e753e7c3', 'L', '2022-01-11 14:55:59', NULL),
('d9305b44-72f4-4df8-939c-6537a4728c15', '511d87f1-6471-11ec-9b63-00155e015604', '0b3f2323-6dd3-11ec-ac96-00155e015604', 'b8e30df1-6fd3-11ec-ac96-00155e015604', 'Xxx', '2022-01-09 03:03:06', NULL),
('d94ea538-cfa6-472b-8ac9-601baf327191', '511d87f1-6471-11ec-9b63-00155e015604', '933508d9-71b9-11ec-ac96-00155e015604', 'bd253bd5-c25f-4ab9-8c4a-2d4d7e27afd0', 'new chat', '2022-01-10 15:45:17', NULL),
('dab8790a-58d9-43e0-87e0-9c7d7ef61f7e', 'b1b3bf9c-729c-11ec-ac96-00155e015604', '48bd06af-729c-11ec-ac96-00155e015604', '3ec25a1d-d27f-4251-ad1c-62a5e753e7c3', 'R', '2022-01-11 14:45:07', NULL),
('dcaaa089-41be-48f2-a821-aa88b28315ad', 'b1b3bf9c-729c-11ec-ac96-00155e015604', '48bd06af-729c-11ec-ac96-00155e015604', '3ec25a1d-d27f-4251-ad1c-62a5e753e7c3', 'P', '2022-01-11 13:43:34', NULL),
('dce5f7a1-4af1-4606-9539-e964658f7f5d', '511d87f1-6471-11ec-9b63-00155e015604', '0b3f2323-6dd3-11ec-ac96-00155e015604', 'b8e30df1-6fd3-11ec-ac96-00155e015604', 'Ty', '2022-01-09 00:54:18', NULL),
('dde92d30-e63c-4e6b-8bb7-fe8c1ce03b2e', '48bd06af-729c-11ec-ac96-00155e015604', 'b1b3bf9c-729c-11ec-ac96-00155e015604', '3ec25a1d-d27f-4251-ad1c-62a5e753e7c3', 'A', '2022-01-11 14:41:55', NULL),
('dec48b3d-047e-455a-9ac0-0959f708221f', 'b1b3bf9c-729c-11ec-ac96-00155e015604', '48bd06af-729c-11ec-ac96-00155e015604', '3ec25a1d-d27f-4251-ad1c-62a5e753e7c3', 'D', '2022-01-11 13:30:25', NULL),
('deddb9c0-953c-4a12-a7f6-fb1750c78bcc', '48bd06af-729c-11ec-ac96-00155e015604', 'b1b3bf9c-729c-11ec-ac96-00155e015604', '3ec25a1d-d27f-4251-ad1c-62a5e753e7c3', 'Xxxxx', '2022-01-11 15:00:04', NULL),
('df370c30-1279-42f4-bd90-fdf63b33853d', '0b3f2323-6dd3-11ec-ac96-00155e015604', '511d87f1-6471-11ec-9b63-00155e015604', 'b8e30df1-6fd3-11ec-ac96-00155e015604', 'Ddd', '2022-01-09 00:45:53', NULL),
('e115e533-b108-4310-8d5d-dd33d07dcbf5', '0b3f2323-6dd3-11ec-ac96-00155e015604', '511d87f1-6471-11ec-9b63-00155e015604', 'b8e30df1-6fd3-11ec-ac96-00155e015604', '@@@@@', '2022-01-09 03:00:06', NULL),
('e22c9aa7-b22f-4fc1-8835-7beac3e79774', '0b3f2323-6dd3-11ec-ac96-00155e015604', '511d87f1-6471-11ec-9b63-00155e015604', 'b8e30df1-6fd3-11ec-ac96-00155e015604', 'Rrrrr', '2022-01-09 03:06:00', NULL),
('e358b8ab-a28a-440a-ba95-e536e7e7dd77', '933508d9-71b9-11ec-ac96-00155e015604', '9b3580d3-7086-11ec-ac96-00155e015604', '56b6ca39-f63a-4a5d-b8d3-65e736bb8af5', '?', '2022-01-11 15:50:22', NULL),
('e4712c99-1074-4d10-8a2f-db8db209dcc0', '48bd06af-729c-11ec-ac96-00155e015604', '511d87f1-6471-11ec-9b63-00155e015604', 'be9df228-de90-40d9-a111-347534be7719', 'chao', '2022-01-11 13:12:52', NULL),
('e599e8bf-9e1f-4d01-9118-c62770d2291a', '0b3f2323-6dd3-11ec-ac96-00155e015604', '511d87f1-6471-11ec-9b63-00155e015604', 'b8e30df1-6fd3-11ec-ac96-00155e015604', '1234567', '2022-01-09 00:51:01', NULL),
('e64905e8-6443-4e28-b147-30c635375632', 'b1b3bf9c-729c-11ec-ac96-00155e015604', '48bd06af-729c-11ec-ac96-00155e015604', '3ec25a1d-d27f-4251-ad1c-62a5e753e7c3', 'Y', '2022-01-11 13:43:27', NULL),
('e76355a2-a27b-4e51-bdef-5aa89e513922', 'b1b3bf9c-729c-11ec-ac96-00155e015604', '48bd06af-729c-11ec-ac96-00155e015604', '3ec25a1d-d27f-4251-ad1c-62a5e753e7c3', 'W', '2022-01-11 14:52:00', NULL),
('e7915044-bb23-4c53-9274-a15566175f9d', 'b1b3bf9c-729c-11ec-ac96-00155e015604', '48bd06af-729c-11ec-ac96-00155e015604', '3ec25a1d-d27f-4251-ad1c-62a5e753e7c3', 'P', '2022-01-11 14:48:41', NULL),
('e812d238-952a-48b4-92b7-936979859e51', '48bd06af-729c-11ec-ac96-00155e015604', 'b1b3bf9c-729c-11ec-ac96-00155e015604', '3ec25a1d-d27f-4251-ad1c-62a5e753e7c3', 'Ll', '2022-01-11 15:00:26', NULL),
('e8918acf-1c8c-4bc2-b402-bb362f5f3cd7', 'b1b3bf9c-729c-11ec-ac96-00155e015604', '48bd06af-729c-11ec-ac96-00155e015604', '3ec25a1d-d27f-4251-ad1c-62a5e753e7c3', 'Oooo', '2022-01-11 13:41:44', NULL),
('eb0be3d3-7ec4-433f-b610-549cc1772b9c', '511d87f1-6471-11ec-9b63-00155e015604', '0b3f2323-6dd3-11ec-ac96-00155e015604', 'b8e30df1-6fd3-11ec-ac96-00155e015604', 'Azzzz', '2022-01-09 03:00:36', NULL),
('ed164c98-791e-40b1-8c51-282d23d0eba0', 'b1b3bf9c-729c-11ec-ac96-00155e015604', '48bd06af-729c-11ec-ac96-00155e015604', '3ec25a1d-d27f-4251-ad1c-62a5e753e7c3', 'Ddddddd', '2022-01-11 13:56:07', NULL),
('f127058e-af3c-4f04-8ba9-6b1cf928a958', '933508d9-71b9-11ec-ac96-00155e015604', '9b3580d3-7086-11ec-ac96-00155e015604', '56b6ca39-f63a-4a5d-b8d3-65e736bb8af5', '??', '2022-01-11 15:52:04', NULL),
('f224fb35-c369-428d-a917-c3f1a90e4e67', 'b1b3bf9c-729c-11ec-ac96-00155e015604', '48bd06af-729c-11ec-ac96-00155e015604', '3ec25a1d-d27f-4251-ad1c-62a5e753e7c3', 'Aaaaa', '2022-01-11 15:31:40', NULL),
('f30cf796-f80d-4598-a021-2c0bc0ed617a', '511d87f1-6471-11ec-9b63-00155e015604', '0b3f2323-6dd3-11ec-ac96-00155e015604', 'b8e30df1-6fd3-11ec-ac96-00155e015604', 'Test nhé okok!', '2022-01-08 01:48:36', NULL),
('f398b538-8031-453f-8c8b-855ca2490c66', 'b1b3bf9c-729c-11ec-ac96-00155e015604', '48bd06af-729c-11ec-ac96-00155e015604', '3ec25a1d-d27f-4251-ad1c-62a5e753e7c3', 'Df', '2022-01-11 14:04:12', NULL),
('f46fea00-156f-4385-b0e8-751fcca1b789', '48bd06af-729c-11ec-ac96-00155e015604', 'b1b3bf9c-729c-11ec-ac96-00155e015604', '3ec25a1d-d27f-4251-ad1c-62a5e753e7c3', 'chao cau', '2022-01-11 12:10:38', NULL),
('f6ebc5aa-34ba-42fb-af12-de46ddda342b', 'b1b3bf9c-729c-11ec-ac96-00155e015604', '48bd06af-729c-11ec-ac96-00155e015604', '3ec25a1d-d27f-4251-ad1c-62a5e753e7c3', 'Y', '2022-01-11 14:52:34', NULL),
('f724881a-73d9-4c61-b194-8d933d0b48b5', '0b3f2323-6dd3-11ec-ac96-00155e015604', '511d87f1-6471-11ec-9b63-00155e015604', 'b8e30df1-6fd3-11ec-ac96-00155e015604', 'Erty', '2022-01-09 00:32:12', NULL),
('f7d61bd0-9453-4030-b269-835a810d0b43', 'b1b3bf9c-729c-11ec-ac96-00155e015604', '48bd06af-729c-11ec-ac96-00155e015604', '3ec25a1d-d27f-4251-ad1c-62a5e753e7c3', 'O', '2022-01-11 14:48:53', NULL),
('f7e24514-0ca7-4f89-a19d-7aa2407362fd', '0b3f2323-6dd3-11ec-ac96-00155e015604', '511d87f1-6471-11ec-9b63-00155e015604', 'b8e30df1-6fd3-11ec-ac96-00155e015604', 'Hhh', '2022-01-09 00:46:10', NULL),
('f8687de2-e9a0-43b1-bbf1-e00cf4a4e49f', 'b1b3bf9c-729c-11ec-ac96-00155e015604', '48bd06af-729c-11ec-ac96-00155e015604', '3ec25a1d-d27f-4251-ad1c-62a5e753e7c3', 'H', '2022-01-11 14:45:00', NULL),
('f9b31440-4bf9-474f-a7cc-2126e335a8d8', 'b1b3bf9c-729c-11ec-ac96-00155e015604', '48bd06af-729c-11ec-ac96-00155e015604', '3ec25a1d-d27f-4251-ad1c-62a5e753e7c3', 'O', '2022-01-11 14:52:04', NULL),
('fdc03321-4ef0-4dca-b93a-c42d16b69075', '511d87f1-6471-11ec-9b63-00155e015604', '2fa7fbd8-6dd3-11ec-ac96-00155e015604', '2057b06a-c5cb-4cff-a7a0-ead78ddff7c9', 'ddadasdsa', '2022-01-11 09:42:55', NULL),
('fe5f12e8-89f7-4a42-9259-a83a54a0d849', '511d87f1-6471-11ec-9b63-00155e015604', 'd1f490df-6dd3-11ec-ac96-00155e015604', '44f55671-ecd8-44e7-8df0-ac43b7cc859d', 'Hello, xin chao', '2022-01-09 05:09:44', NULL),
('fe893ef6-a1c1-4181-8012-196bb3784b2f', 'b1b3bf9c-729c-11ec-ac96-00155e015604', '48bd06af-729c-11ec-ac96-00155e015604', '3ec25a1d-d27f-4251-ad1c-62a5e753e7c3', 'O', '2022-01-11 14:57:43', NULL);

-- 
-- Dumping data for table friend
--
INSERT INTO friend VALUES
('74f78e82-708e-11ec-ac96-00155e015604', '511d87f1-6471-11ec-9b63-00155e015604', '9b3580d3-7086-11ec-ac96-00155e015604', 1, '2022-01-08 06:22:50', NULL);

-- 
-- Dumping data for table conversation
--
INSERT INTO conversation VALUES
('b8e30df1-6fd3-11ec-ac96-00155e015604', '0b3f2323-6dd3-11ec-ac96-00155e015604 511d87f1-6471-11ec-9b63-00155e015604', NULL, NULL, NULL),
('44f55671-ecd8-44e7-8df0-ac43b7cc859d', 'd1f490df-6dd3-11ec-ac96-00155e015604 511d87f1-6471-11ec-9b63-00155e015604', NULL, '2022-01-09 04:48:44', '2022-01-11 12:23:50'),
('bd253bd5-c25f-4ab9-8c4a-2d4d7e27afd0', '511d87f1-6471-11ec-9b63-00155e015604 933508d9-71b9-11ec-ac96-00155e015604', NULL, '2022-01-10 00:45:17', '2022-01-11 12:22:45'),
('598673ac-d3ca-47e4-890d-8ec3b3dac440', '511d87f1-6471-11ec-9b63-00155e015604 9b3580d3-7086-11ec-ac96-00155e015604', NULL, '2022-01-10 01:52:35', '2022-01-11 12:23:20'),
('2057b06a-c5cb-4cff-a7a0-ead78ddff7c9', '511d87f1-6471-11ec-9b63-00155e015604 2fa7fbd8-6dd3-11ec-ac96-00155e015604', NULL, '2022-01-10 18:42:55', '2022-01-11 12:24:02'),
('29508b9a-dabe-4f17-8ee3-ac27cc0c577d', '511d87f1-6471-11ec-9b63-00155e015604 4cc19393-6dd3-11ec-ac96-00155e015604', NULL, '2022-01-10 18:45:11', '2022-01-11 12:22:32'),
('3ec25a1d-d27f-4251-ad1c-62a5e753e7c3', '48bd06af-729c-11ec-ac96-00155e015604 b1b3bf9c-729c-11ec-ac96-00155e015604', NULL, '2022-01-10 21:10:38', '2022-01-11 16:22:25'),
('be9df228-de90-40d9-a111-347534be7719', '48bd06af-729c-11ec-ac96-00155e015604 511d87f1-6471-11ec-9b63-00155e015604', NULL, '2022-01-10 22:12:52', '2022-01-11 15:02:17'),
('39607f35-66e1-4307-88f8-688169c9c439', 'b1b3bf9c-729c-11ec-ac96-00155e015604 2fa7fbd8-6dd3-11ec-ac96-00155e015604', NULL, '2022-01-10 23:40:33', '2022-01-11 14:40:33'),
('56b6ca39-f63a-4a5d-b8d3-65e736bb8af5', '933508d9-71b9-11ec-ac96-00155e015604 9b3580d3-7086-11ec-ac96-00155e015604', NULL, '2022-01-11 00:48:42', '2022-01-11 15:52:04'),
('6da4e3c6-15e1-4e1b-b420-09d43f840e1f', 'b1b3bf9c-729c-11ec-ac96-00155e015604 0b3f2323-6dd3-11ec-ac96-00155e015604', NULL, '2022-01-11 01:12:15', '2022-01-11 16:12:15'),
('8245ee31-bbc4-4123-a25d-27c7be8bd339', 'b1b3bf9c-729c-11ec-ac96-00155e015604 6116d1d1-72b1-11ec-ac96-00155e015604', NULL, '2022-01-11 01:12:48', '2022-01-11 16:12:48');

-- 
-- Dumping data for table comment
--
INSERT INTO comment VALUES
('0e8ae485-6196-46bb-bf3c-ff70baa97b0a', '48bd06af-729c-11ec-ac96-00155e015604', 'Troi dep', 'ae211699-ac00-470f-9eba-2f67bffa8cc1', '2022-01-11 15:32:50', NULL),
('11498d1a-757e-404c-af64-f8bc9e344110', '511d87f1-6471-11ec-9b63-00155e015604', 'goooood?', '7261ff01-fe18-4773-90a1-29845a7fa94a', '2022-01-11 02:14:00', NULL),
('3db66df9-11b6-4ca5-bafe-5c5a061ae1bd', '511d87f1-6471-11ec-9b63-00155e015604', 'kive', '14b415eb-9e30-451b-a561-d293870f195f', '2022-01-10 21:33:39', NULL),
('424a9a57-39d9-470c-ba9d-9012369ebb90', '48bd06af-729c-11ec-ac96-00155e015604', 'Comment', '794fe459-0099-4f82-a678-a8b91a069154', '2022-01-11 16:08:17', NULL),
('5e929c0b-f66b-429b-91ef-92d907f47c38', '511d87f1-6471-11ec-9b63-00155e015604', 'Aaaaaa', 'e92013ce-6a44-4836-8e8f-4546a2144eee', '2022-01-10 21:51:07', NULL),
('61110720-1e05-455f-a339-570e6efbb151', '511d87f1-6471-11ec-9b63-00155e015604', 'A', 'e4c9a8bc-0bd4-40d1-9113-3c84223cbc99', '2022-01-10 21:16:55', NULL),
('71211fcd-5c2e-42ff-a27f-9232496ae17c', '933508d9-71b9-11ec-ac96-00155e015604', 'Cam on moi nguoi', 'ae211699-ac00-470f-9eba-2f67bffa8cc1', '2022-01-11 15:46:27', NULL),
('74f0a1cd-7f81-4691-b194-518083383e9e', '9b3580d3-7086-11ec-ac96-00155e015604', 'commment 2 to hello baby', 'e92013ce-6a44-4836-8e8f-4546a2144eee', '2022-01-10 13:20:56', NULL),
('764984a6-bd82-4926-9f6f-0fda4ce72120', '48bd06af-729c-11ec-ac96-00155e015604', 'Tt', 'ae211699-ac00-470f-9eba-2f67bffa8cc1', '2022-01-11 15:54:03', NULL),
('7adda664-88b7-4aed-b999-ab7d4c3a0a7d', 'b1b3bf9c-729c-11ec-ac96-00155e015604', 'thanks', '794fe459-0099-4f82-a678-a8b91a069154', '2022-01-11 16:08:38', NULL),
('834dd9fe-1873-4d30-861e-900629891600', '511d87f1-6471-11ec-9b63-00155e015604', 'yru rm', '14b415eb-9e30-451b-a561-d293870f195f', '2022-01-10 21:35:12', NULL),
('9fdc9203-05f8-4f34-975d-55396b717d0c', '48bd06af-729c-11ec-ac96-00155e015604', 'Eee', 'ae211699-ac00-470f-9eba-2f67bffa8cc1', '2022-01-11 15:54:54', NULL),
('aa65ad86-e436-44ea-a94f-1136fe352bee', '9b3580d3-7086-11ec-ac96-00155e015604', 'commment 1 to hello baby', 'e92013ce-6a44-4836-8e8f-4546a2144eee', '2022-01-10 13:19:26', NULL),
('b6a25051-da21-4d15-a92e-868951d871d9', 'b1b3bf9c-729c-11ec-ac96-00155e015604', 'Ok', 'ae211699-ac00-470f-9eba-2f67bffa8cc1', '2022-01-11 15:33:29', NULL),
('ce8cd3f3-0218-4fcc-87d6-1929c9db920a', '48bd06af-729c-11ec-ac96-00155e015604', '', '794fe459-0099-4f82-a678-a8b91a069154', '2022-01-11 16:08:20', NULL),
('ddaac592-a74b-411e-8812-06a6dce8754d', '511d87f1-6471-11ec-9b63-00155e015604', 'Yeu', '54a258ea-ba7e-456a-9194-968402a9133f', '2022-01-10 21:57:00', NULL),
('e70a2823-1611-4328-a47f-6d46021586c5', '511d87f1-6471-11ec-9b63-00155e015604', 'Aaaaaaaa', '54a258ea-ba7e-456a-9194-968402a9133f', '2022-01-11 00:13:59', NULL),
('ed00f4ac-7b81-4a6d-acc5-cd4ede29aa07', '511d87f1-6471-11ec-9b63-00155e015604', 'fasfsa', 'e4c9a8bc-0bd4-40d1-9113-3c84223cbc99', '2022-01-11 00:15:09', NULL),
('f799bc8d-eaa3-4dd5-80d8-62684df0c5e6', '511d87f1-6471-11ec-9b63-00155e015604', 'commment from Nguyễn Văn Hiếu to hello baby', 'e92013ce-6a44-4836-8e8f-4546a2144eee', '2022-01-10 13:21:59', NULL),
('fca4032b-e027-4791-9b52-4df05436aee2', '511d87f1-6471-11ec-9b63-00155e015604', 'Awe', '14b415eb-9e30-451b-a561-d293870f195f', '2022-01-10 21:50:32', NULL);

-- 
-- Dumping data for table block
--
-- Table db_a7ca4c_bkzalo.block does not contain any data (it is empty)

-- 
-- Dumping data for table account
--
INSERT INTO account VALUES
('0b3f2323-6dd3-11ec-ac96-00155e015604', 'Đặng Huỳnh Đức', '123456789', '0898061572', '9b3580d3-7086-11ec-ac96-00155e015604Xebac11fd-96e7-4b1d-af7c-aef529c7c341.jpg', '2022-01-04 18:56:14', NULL),
('2fa7fbd8-6dd3-11ec-ac96-00155e015604', 'Duc', '123456789', '0898061573', '9b3580d3-7086-11ec-ac96-00155e015604Xebac11fd-96e7-4b1d-af7c-aef529c7c341.jpg', '2022-01-04 18:57:15', NULL),
('48bd06af-729c-11ec-ac96-00155e015604', 'BKHNoi ', 'string', '0898061556', '48bd06af-729c-11ec-ac96-00155e015604Xdde1f7d3-4733-4367-b0f0-0806a2ef2c9b.jpg', '2022-01-10 21:06:52', '2022-01-11 16:18:44'),
('4cc19393-6dd3-11ec-ac96-00155e015604', 'Duc', '123456789', '0898061571', '9b3580d3-7086-11ec-ac96-00155e015604Xebac11fd-96e7-4b1d-af7c-aef529c7c341.jpg', '2022-01-04 18:58:04', NULL),
('511d87f1-6471-11ec-9b63-00155e015604', 'Ngoc Huyen', 'string', '0898061555', '511d87f1-6471-11ec-9b63-00155e015604X34da49b9-779b-4ea1-a10a-946a1d677110.jpg', '2021-12-23 20:24:20', '2022-01-11 08:13:49'),
('6116d1d1-72b1-11ec-ac96-00155e015604', 'Ngoai thuo', 'string', '0898061558', '9b3580d3-7086-11ec-ac96-00155e015604Xebac11fd-96e7-4b1d-af7c-aef529c7c341.jpg', '2022-01-10 23:37:52', NULL),
('666bc3bd-6dd3-11ec-ac96-00155e015604', 'Duc', '123456789', '0898061570', '9b3580d3-7086-11ec-ac96-00155e015604Xebac11fd-96e7-4b1d-af7c-aef529c7c341.jpg', '2022-01-04 18:58:47', NULL),
('66c0dfbd-72bd-11ec-ac96-00155e015604', 'Ddddddddd', '123456789', '0898061559', NULL, '2022-01-11 01:03:55', NULL),
('6c059a63-7223-11ec-ac96-00155e015604', 'String', '123456', '0971883025', '9b3580d3-7086-11ec-ac96-00155e015604Xebac11fd-96e7-4b1d-af7c-aef529c7c341.jpg', '2022-01-10 06:41:42', NULL),
('74d07719-6dd3-11ec-ac96-00155e015604', 'Duc', '123456789', '0898061574', '9b3580d3-7086-11ec-ac96-00155e015604Xebac11fd-96e7-4b1d-af7c-aef529c7c341.jpg', '2022-01-04 18:59:11', NULL),
('933508d9-71b9-11ec-ac96-00155e015604', 'Do Huyen', '123456', '0966888999', '933508d9-71b9-11ec-ac96-00155e015604X0dc8f23c-2946-47b6-a0f6-3adf0a18c6c2.jpg', '2022-01-09 18:04:01', '2022-01-11 15:31:49'),
('9b3580d3-7086-11ec-ac96-00155e015604', 'Hiếu Nguyễn', '123456', '0971883026', '511d87f1-6471-11ec-9b63-00155e015604X5453271b-42f3-4e56-8ca5-6bbe22fa852b.jpg', '2022-01-08 05:26:38', '2022-01-10 20:27:31'),
('9f720aab-729a-11ec-ac96-00155e015604', 'hieutest1', '123456', '0971883028', '9b3580d3-7086-11ec-ac96-00155e015604Xebac11fd-96e7-4b1d-af7c-aef529c7c341.jpg', '2022-01-10 20:54:58', NULL),
('a66596aa-729a-11ec-ac96-00155e015604', 'hieutest2', '123456', '0971883029', '9b3580d3-7086-11ec-ac96-00155e015604Xebac11fd-96e7-4b1d-af7c-aef529c7c341.jpg', '2022-01-10 20:55:10', NULL),
('b1b3bf9c-729c-11ec-ac96-00155e015604', 'King te ABCC', 'string', '0898061557', 'b1b3bf9c-729c-11ec-ac96-00155e015604X22368915-ff2e-4a94-8cee-d1671c146c49.jpg', '2022-01-10 21:09:48', '2022-01-11 12:49:31'),
('d1f490df-6dd3-11ec-ac96-00155e015604', 'N Huyền', '123456789', '0898061575', '9b3580d3-7086-11ec-ac96-00155e015604Xebac11fd-96e7-4b1d-af7c-aef529c7c341.jpg', '2022-01-04 19:01:47', NULL),
('e2b61272-72c1-11ec-ac96-00155e015604', 'yuio', '123456789', '0796215781', NULL, '2022-01-11 01:36:01', NULL);

-- 
-- Restore previous SQL mode
-- 
/*!40101 SET SQL_MODE=@OLD_SQL_MODE */;

-- 
-- Enable foreign keys
-- 
/*!40014 SET FOREIGN_KEY_CHECKS = @OLD_FOREIGN_KEY_CHECKS */;